cleanliness,communication,staff_friendliness,timeliness,discharge_clarity,LTR
7.745071229516849,9.099033154879002,5.987232587538427,4.138288663183913,5.704759592552599,0
6.792603548243223,8.386950524369153,6.783221993926723,5.709422483830747,6.953194766591374,1
7.971532807151039,7.089445554880261,5.811370118500058,6.379591699867534,7.02702530806667,1
9.284544784612038,6.029594833441639,6.53805770554144,9.831531486010284,7.708945518765108,1
6.648769937914996,8.047334970420385,4.159577999569321,7.834829686800637,4.94971245507876,0
6.648794564576229,7.590228078132625,7.319940561059408,4.996777646350163,7.888850910770996,1
9.368819223261088,8.342789830041598,7.001808213043336,7.729054434126455,2.943412552595837,0
8.151152093729364,7.9527577025229546,5.7743670533977145,4.679044016592452,6.0551731714542845,1
6.295788421097572,8.574329072979003,7.988868502648607,8.62403658083061,6.267589236322683,1
7.813840065378947,6.197147182659148,8.406355206439837,6.293313022273182,7.9499902391068575,1
6.304873460781307,8.976091098451489,4.588660203446539,6.859545716891244,7.033946279015304,0
6.301405369644614,7.296399407038599,5.855912832150679,8.988694971313286,4.89165541921557,1
7.362943407349051,10.0,5.846286475319053,5.069254647123625,5.522510311274477,0
4.130079633013303,5.966218272865648,5.590145348336703,4.904322722330513,7.298020014321111,0
4.412623251230451,9.603945704747874,8.244212262897623,6.124601010480992,6.881398987203165,1
6.156568706138541,7.296866175193972,6.709260791840794,8.557568276528976,6.13131383554638,1
5.480753319498365,6.022872994578328,6.603227738034084,4.720980886784736,6.278749315732031,1
7.471370998892911,6.274171248918518,3.99420645338987,2.751766602834145,8.044251995738934,0
5.637963886718183,6.519479037708519,7.953127045313839,6.323261712386502,6.223461140696178,0
4.881544447997062,7.636248919602875,5.141112407719791,7.82761119986638,6.86786313395639,0
9.19847315338233,7.784253232053249,7.089898945399493,8.800392624608245,10.0,1
6.661335549270197,6.139449994092131,7.416065406937288,6.305257956871902,4.864476044674116,0
7.101292307031886,6.963468111608526,9.040987893757977,6.382860089325996,4.222235902638012,0
4.862877720679815,10.0,5.036769401321332,8.730851101383621,8.17538449719791,1
6.183425913212226,9.591314755151068,2.470731766268762,4.195387450456869,5.982035408058845,0
7.166383884564799,7.654485504511048,7.2757743171305425,6.417218837225486,6.522643708386069,1
5.273509633866546,7.057005217252301,9.700766772266281,7.285635834887587,5.828265432803329,1
7.563547027518508,7.1800469900773916,8.858419529409156,7.673828081927551,6.610299788848732,1
6.099041965121793,7.920276959095625,7.314489122911938,6.235289960213676,9.397807168144512,1
6.562459375310085,5.4658111522023916,6.262545721551929,7.051661517558762,8.203192687927178,1
6.097440081655905,6.613935193864982,8.210683894955965,3.2675089698805158,8.293335267830466,1
9.778417276763406,4.497123889183615,5.539680700443297,6.012627381499227,4.875659416311032,0
6.979754162893099,7.598834683907919,7.714536654034329,7.680263068831701,5.273269395170696,1
5.41343360656615,7.970793909554112,7.75820523874994,5.52655894861798,2.7413820107718596,0
8.233817368154783,6.275220306550939,8.59031486124832,7.088476332384396,5.785928768375869,1
5.168734525043467,9.360980144935048,10.0,7.670308751204047,8.435054779578488,1
7.313295392507133,5.161351505496489,7.5886239507681506,6.486176198713353,7.7754197736225565,0
4.060494814180337,4.8034376796852705,6.236554561438751,7.255695656494856,6.667730105571814,0
5.007720926652354,7.336677727839958,6.961638531712008,5.555901152073082,6.96654957442292,1
7.295291853803685,8.570647453918232,4.346386142666322,6.69008308045593,5.966671686136891,0
8.107699869993116,9.525891537186803,5.957930303366413,7.915324254383834,7.307138323602676,1
7.257052421784956,6.31167360569659,6.386076342830344,7.235459441452651,8.148817419220922,1
6.826527576417639,8.618021250146944,6.213867403098111,6.120203095654096,4.576169818884291,1
6.548344456616067,6.9422372957489396,7.228532308050583,7.3363246064361896,7.449471531756022,1
4.782217014448859,6.74105905008877,5.766370101426699,8.071914685954926,8.398652306432002,1
5.920233687407937,8.32548990623001,8.681546000986707,3.925088082133783,6.377349566554946,1
6.309041843560319,7.978484317620129,7.000310597377296,8.738611097433846,8.051050918180875,1
8.585683339328373,4.635411764523626,6.98604951829206,6.495617891978392,10.0,1
7.515427434352692,9.214810524588843,6.508157925230623,7.638234899860345,6.843485810519662,1
4.355439766955899,9.070137031221178,7.232786025788469,8.795870385467842,7.589960575007986,1
7.486125954092192,6.061655947735706,8.237647397001451,4.942489454154301,5.892914374507913,1
6.422376579375525,7.593705300156113,5.69930467643365,5.93583849635868,7.271876743903076,0
5.984616999541062,7.7410452794241085,6.012825266387115,6.567176956186443,7.690407437473456,1
7.917514433261302,7.391010648735861,6.544410956835003,5.824369718313357,7.292263510405207,1
8.546499283743927,6.174542269231869,4.981193614790177,9.602404863755213,5.470457020436715,0
8.396920178674298,5.992564948092923,5.771113210417753,5.714841859259811,7.309542656988176,1
5.741173715166042,6.961668893512832,6.285668689683011,6.1666798307697,9.193293908076456,1
6.5361814362231785,8.759093528889046,8.31158377106909,7.306583547404466,7.672953646771791,1
7.496895147105346,7.8154002318916485,7.393841993502888,5.196775710885866,8.442980783607762,0
8.463317690683539,6.444078501870841,7.2903848670513165,6.406478932365604,6.644482044981058,1
6.281238643232065,8.157548065972517,8.276346943251959,7.476179891875263,8.124850359135566,1
6.721511535004274,2.727186069054887,6.793942317400905,6.500709393426233,7.418901757324789,1
5.340497538990958,8.723148550558156,7.5856972748933345,6.859919711650077,5.573633905469152,1
5.205690063878993,4.39042933183285,6.8451673706012555,6.206001831327443,7.477781507198312,0
8.218788733591296,6.456338587895302,7.398043524099442,4.72829453622885,5.512455004839534,0
9.034360042856234,5.320495158060784,6.125862013582627,7.482389817008858,6.050679587672812,0
6.891984817629499,5.0579777864186415,3.341774262585356,9.632399607470862,7.283992460938562,0
8.505299346838036,8.741240181067779,6.798581256720544,7.027602446175157,7.445866410070186,1
7.542454037571451,6.298448198032163,9.13412220414991,7.337896175871324,5.216151302384306,1
6.032320368092313,7.519755822596074,8.389323103362388,8.03908413267529,8.580978656774315,1
7.5420934082626205,6.929619131681224,8.448096226886756,5.096004255179952,7.85800941745071,1
9.307054849698954,7.715561240834682,8.854196082709327,9.55377198719441,5.942907346583675,1
6.946260941335073,7.115232836590383,7.132986386442156,7.303493194634203,4.693622805326237,0
9.346965483721009,5.075511663717146,7.2959735611083945,9.447785348633664,6.782643131377853,0
3.0703823438653837,8.49440022917071,6.073522156848474,5.900450506714016,6.33108442920826,0
8.232853756562836,6.259365125258031,6.5258907159594255,9.727092883836738,7.169710685579534,1
7.130570602357257,4.665127152010373,7.923656724656713,8.162733241052175,6.45532500826665,1
6.551488974301198,6.357827258551131,8.805826655753224,7.829560128778538,3.9888147088824852,1
7.137641164803253,9.251139685951467,6.790830586478501,7.351036681529722,6.417479592548263,1
4.018646628098661,8.275332613170239,6.324716102722882,6.627207072888326,6.541571333397531,1
6.670492168243732,6.477021798388211,7.0007919382848955,8.80079748771081,7.9504915371610885,1
7.53566885726762,6.476113443522356,7.901810123393672,7.21053980477207,5.952700488083425,0
9.216841067112274,6.517547423173926,4.834217775799687,4.049395444619271,9.518012010058849,1
6.222594672589529,10.0,3.555728570294143,5.3242203074394965,4.132539174022364,0
5.787259595660219,7.57290317834733,6.174194725762625,6.721231371710879,8.966751246703936,0
6.247364434623195,7.645062470786605,5.168931361128762,7.464998474748332,6.663521543682843,1
8.373103176553112,8.545425181047763,6.2377897035290335,6.915117266650157,8.289377308515334,1
7.493126664489527,7.35818373853977,6.778329521773792,8.828456184690495,7.1197022260880996,1
6.205359694349442,6.611436781268945,6.32012738646548,4.073347203942062,8.709333304038203,1
7.7699011496700345,6.705475226372533,9.178701301706118,7.2153819047577405,6.418957053170783,1
7.14561632402206,6.892598110878904,7.49011714690348,4.273031161919268,5.352069362233282,0
8.452967485799334,6.944166645235238,7.450711539416242,8.139568443226253,9.130756430906594,1
5.946920359183972,8.091444315455469,7.933310716065103,6.858311928336996,6.829779031176788,1
6.508506780103348,7.077918828710949,5.291750323328847,7.629414958036177,7.332337710436317,1
6.411837770301764,8.098960115823369,8.558667681130403,5.704175559115351,8.852127871067193,1
4.804727577801822,6.878925129837127,6.88635357019681,8.919197397486627,5.452067136858347,0
7.444180415596864,7.117952785474136,8.00572092586182,8.562586996088276,7.893236346458886,1
7.391582908269834,4.002698973201839,5.3922141504397665,7.875316454517831,6.1151578653056635,0
7.0076701849636915,8.374491512053723,4.669361850975903,6.8057241297048385,6.801745966533442,1
6.648119299937279,7.519732713846989,8.226834487037543,7.869785927942698,7.108418448076433,1
4.876943886924378,8.49701516478948,7.564614289146275,5.939661148018977,4.749667207829596,1
6.369032015851961,2.6556169327094663,5.646922668463734,8.283333488531069,5.831744435769348,0
6.485928225209846,10.0,5.695505378087958,9.474221341485881,9.026609338619709,1
5.796584096167572,6.790615557767239,8.688152176622154,8.605915839968779,8.329286782877194,1
6.758071432500986,8.662274225106275,5.2158821606990085,5.905596295288886,6.906040634009147,1
7.606076285221808,5.440141109311703,9.464009429883944,7.542125975909654,7.364685187769339,1
9.829278851815795,7.919160857593854,5.649068898028197,5.060287684362028,6.558636241545313,0
7.261866719247759,5.4198766552395155,7.957587888412575,7.858585466763514,9.034875078741972,1
7.386325586084146,6.064346558956292,6.507072286376523,7.675905119293808,6.699471133308754,1
6.888331126350749,9.87104703080018,7.904781146623515,4.1952754907017535,7.347763138202272,1
4.121843177051438,6.71397639885498,6.183828996828711,5.257324234131454,8.719045216213097,0
6.960229186826175,7.326149309769584,6.755810640891559,6.575291654884349,5.83394277273114,1
7.09034531491154,8.305101596033131,7.061378763093582,6.54871037928876,9.33818377674534,1
10.0,7.743522831958907,5.496718816327791,5.185784596871792,4.704307885384935,0
6.711458552828316,7.225628357715364,8.11123651813019,7.583468094028276,9.444463196669197,1
7.452321013500419,7.547441503699337,6.230179650292622,7.3772104134107686,6.440986624072038,0
6.947932345442135,10.0,6.657100126989972,6.7085963020322215,6.635951878262078,1
5.246982943570702,6.913571804449622,5.508475938087232,5.866312749762455,4.1649847432255855,0
8.71423422177253,7.301648570072452,3.1564995118070343,8.573060689624846,6.317807923933461,1
8.127899549030161,8.575981594011418,6.713458356099746,9.483110669632444,5.440290203459673,1
8.186547920564571,8.658288899436975,10.0,6.274657774230194,6.088530481939791,1
5.635918817807892,8.78054545834057,8.176906431847035,6.081749624267768,6.794033551316681,1
9.10419146640415,7.958095333043777,6.971109430398408,7.736811498117994,8.436687421709358,1
4.8972234058115784,5.285492630904274,6.605663756187599,6.46295593037952,7.311405027100939,1
7.880285640700405,9.450147298451643,7.0336988392180695,6.790904199005149,7.461514980101671,1
10.0,5.280481910471968,7.820678672762815,8.109479727587008,5.356720916731657,1
5.514195512303967,7.45395319785855,5.228780777036732,4.135965868739061,5.678868865595905,1
6.150553405595842,5.868586224970963,8.671482542003307,8.977453487279003,9.698087527526967,1
7.1494770476314615,6.9037924801105115,8.073071973161866,7.109020786494012,5.89719844785513,1
6.244786518825701,7.493143615455221,8.077278588561901,6.382760283156729,9.484312378085944,1
4.674004853400801,7.482035823175409,7.657713608214591,6.866148768667826,6.6354082016787,1
7.102844462209041,7.632881131352927,7.029424986540985,6.943644032530778,7.003431904215256,1
5.406544429410843,9.42056690358797,8.009291853950229,4.403198044832612,8.605547740344894,1
7.710388645952772,7.68030145227097,7.8877212006120665,9.242407341179854,8.907838632907985,1
5.620863648649295,6.633765047064027,6.468938933588464,7.061988448405928,6.833781159581369,1
9.32490160752631,8.446130752432536,6.139597340654649,7.664503195671063,6.417635419717692,0
5.825120061495644,8.78420573338696,7.15278444289298,8.427324655861065,6.9161193272166805,1
6.516907725691486,5.158588277294511,9.323530227242781,5.468256313659549,7.506936292348177,1
8.220275826054504,7.896100104774787,5.141339386519149,7.710207848552843,8.336955530304634,1
5.1537035253490675,8.051759113466348,4.79871210137134,6.59853836365181,7.006344788491227,1
7.341189901906194,6.553654744960012,7.247141261854775,8.27015616282474,7.928329447034731,1
8.960714131423643,9.06356021996743,7.076331552784027,3.809158869472757,9.457539598406411,1
4.588775148158159,6.77491661945121,7.260012496555612,6.851358549638096,7.571964418397177,1
7.276950787798456,7.188364680207314,7.36592979686275,6.095769016324057,7.467479284007167,1
7.389824191372635,6.740392263574195,6.665196618047792,7.648394425951233,4.721633762364898,0
8.172734307665966,7.023368571372202,9.234795157903124,7.705066281052304,3.053904794756405,1
5.144573933682877,5.355587369657197,4.598644032285227,5.93856115776696,7.5825635938452525,1
5.019315080373586,4.839923676108558,5.757254462829631,5.931739203735934,6.857763653078692,0
7.782912348425347,9.391757594837458,6.845117859776429,6.834001947164006,6.227825987627887,1
7.445477009849779,5.729557977522508,4.5352167832687496,5.655036659027187,7.365295306279517,0
7.375739275518815,5.512911475815539,6.736218393351893,8.26297554317819,6.909394406204638,0
7.519672314245463,3.769914829594428,9.492205248592027,6.446189199328831,8.691670375950848,1
5.979962917632264,6.041557378465747,7.031329732443942,2.639517671017538,7.129166302388467,1
7.348380545741505,5.015365309888752,7.346051358578025,6.437766915067291,5.879615072394748,0
7.439608709948022,9.463022740204554,5.1097528522411295,5.442184268734041,8.485249358438933,1
5.928472872960448,8.514725634013951,6.075457887940784,4.553086276808582,6.6743033875806965,1
9.798661766717135,5.9677744822334144,6.437205429514094,5.143860042666141,7.7898050255084605,1
7.710749381367681,10.0,6.523427354865649,7.164112707749455,6.283883940710799,1
5.213044754196027,8.472648230487392,8.922465692505654,8.992961242372347,6.025259671753846,0
7.984830412950744,6.512752924737066,7.836536591087687,7.46977671079747,7.1262523452785445,1
5.5379774946590175,3.2508914276896412,5.332813064594452,6.09024491767639,7.019242965315527,0
8.180626905613678,10.0,7.369757167648007,7.6838562927560545,7.719740553050249,1
8.737893368511106,4.915641299854606,7.747332622745177,6.311364534671513,6.597031370035386,1
5.7689765224724345,4.531901879564662,8.7102235577819,5.958099446255283,4.245460324344404,0
8.445064193866482,8.53385564801446,9.370811029852561,5.268455997650523,6.350839174617417,1
7.619171390404747,10.0,5.477358712258197,4.372256789872421,8.190727700715724,1
8.233090239991736,9.076409227765778,5.783713733184492,6.415114440160832,6.553935881135341,1
9.845189473980922,7.84586368007854,5.113633211628075,7.237080234880198,6.6304248962281775,1
6.631917825995695,7.8921315124979285,6.648970211339528,6.855064494977666,8.479564758858906,1
5.869395753463766,8.280123338170462,7.699537561669501,6.376049608078962,5.932040159111616,0
5.665728355561715,8.138392884680147,8.481001774883653,5.581380908954828,4.68579517263565,0
5.776284572551843,7.421787135954064,6.886073464536216,7.9123692875274525,6.759053320711758,0
6.884347435878844,7.156301655927814,6.520228715117734,5.024302120080122,6.273739073126895,0
7.511727962224965,6.9061103081507165,7.227636988373111,8.164041870765214,5.5506305203701185,1
7.415036198995028,5.869053116699986,5.747285647554966,5.4966744716099125,6.736932316151964,1
8.240774873554036,6.578987384699839,10.0,5.871347143970447,7.737258470870176,1
7.0195028378168605,4.460564778706922,4.588508459322912,4.799822214076484,6.986067157648276,1
9.180301115735976,6.852490559807875,7.277110868343587,6.247896779671545,7.460471609029357,1
6.603014750143066,5.517113339273624,10.0,8.462968687716968,9.720111547773135,1
10.0,5.344616024176343,7.010199766839997,7.773442132665934,6.4856817076636535,1
7.938501021647509,7.269841226730217,6.7149414474977585,8.467633168042052,7.417522951967005,1
5.714263665375576,9.088003429516899,6.46383186578436,7.7832138189009035,6.2361799561012985,0
5.393661252908331,8.37747490900347,6.729412477356388,5.344495257204446,5.730460420169541,1
7.723708622864778,4.644249094565234,9.059272712014796,6.503816163508664,6.1226385198733455,1
6.664805822011224,5.515557795144494,3.6822071330057398,5.829701306323806,6.281862142717467,0
8.071000741138137,8.411156781982324,9.300150551944489,8.995862356058561,7.539213696320688,1
7.709856436860317,5.5262689096925355,4.864064271324782,5.204817030360533,10.0,1
6.890756631014691,6.663050275004463,6.600021506148378,8.340546534083666,5.925934845586239,1
5.729809422897392,7.825078148536828,6.3561333695520075,8.339430805163154,6.375062041576806,1
4.727729162971203,5.547483317704547,7.88282990465608,9.74443030257413,6.905315480333128,0
6.330227571899468,7.15806325921894,4.602813472174379,6.385470111055754,7.5936982730646205,1
8.284598191485209,4.998961757622693,7.693258999122914,8.068483239370243,7.395326217932177,1
7.321140616195306,6.097948534073179,10.0,10.0,8.926143690922176,1
5.131391831932018,7.479672901213806,4.955238993110784,6.073537484599455,3.360411894197187,0
7.259771388776773,4.610509399702496,7.284559251415594,4.697439628701461,3.4196051947064907,0
7.577976069593255,7.660712106940599,6.007026733305087,4.179984949138355,6.256182741984776,1
5.674213845698301,6.970543301609978,7.638830809289554,8.069068043291997,8.645950281315564,1
7.230587658918292,7.828734931625722,7.028721666123628,4.1752746879121245,4.651527952591605,0
7.087313077669,7.335871201096992,6.037769636433536,6.441521420593116,2.488551490459364,0
5.2855445532540655,9.046210644960766,7.7318084273066106,7.655969780558441,7.8567691093288134,1
7.536681040522425,7.187836753971861,9.706522164680115,7.277763305244871,7.365485835554072,1
7.841176789552351,6.355891688312121,6.713644312409052,7.638167296276259,5.364687389800856,0
8.624576864762915,7.183446254548426,8.079636913222274,7.333434783701281,5.521690598918605,1
8.580703078052354,7.814947043554582,5.0600905631932545,8.918298719970089,5.545384420547989,0
4.933495948064364,7.073290105488557,5.565345434772987,5.571525428891804,7.165802976210911,1
5.593262440127316,7.060887536805824,7.708609416820566,5.984507292312203,6.060527085725489,0
7.77255290081299,5.947012468289866,9.226174042803947,5.841010832093764,7.7410958784632795,1
7.770678926368313,6.0056486236735775,7.53342002317849,8.245287717793914,2.718060005643413,0
7.772571529459071,4.89609209230046,6.530412954215269,8.350597882592595,5.714722202308301,1
10.0,9.624365114780408,6.998937108135031,7.676837978977762,5.3109190586334245,1
7.85633576603975,5.1342051469130725,5.124388399045424,8.775240500334892,6.615488982441262,0
8.703348460270899,5.960642203306139,7.90677298953305,5.232938698935429,6.192928362264793,1
8.431002645239804,5.922389101646204,8.323499593485113,9.500836167326705,8.19676566984365,1
7.977086876958697,8.342386565416662,6.3218645007503795,9.284857932568386,4.210994842509914,0
6.527096133039482,6.557575482561958,6.294936778360748,8.10343299586862,7.068237214496128,1
8.1384538307399,8.871613109010601,7.398817344478073,9.67269836315659,7.8375046348175585,1
5.840762178193643,5.9897640636341976,6.3449203959391065,4.515065188483339,9.784971154842932,1
6.644772089889987,7.418491243335703,6.900801078061266,6.213327795606022,6.277351043359787,1
6.2719546782563445,5.746979420110364,10.0,5.897044808977071,7.4866879065287755,1
7.122811209079484,10.0,6.629461448881005,8.082218985636015,4.294205811156453,1
10.0,5.218602371455731,6.462489771968166,5.424788890596782,3.4120656935304643,0
4.199102211112377,7.464731065340541,6.028687291547261,8.136242724006228,8.26716156367255,1
8.029390285561771,7.950665321398148,8.116287957249906,9.055804215995071,6.9916595595278945,1
4.5809261932155225,7.620698646177248,6.728163740172845,8.042804350126,8.767769034697634,1
6.29210220131585,6.722068511683438,6.025940442517861,7.425626535492252,4.939895666545377,0
8.63342589545105,6.805268950399861,8.981956048409518,5.518189988648876,7.779853209293129,1
7.096420028643194,7.065717207968665,9.129404506770456,5.729723550811953,9.803226760815779,1
5.383382833106041,6.779496997557267,6.099364651391943,8.874428357945,7.629558412535899,1
5.927044436110048,8.445818675192365,4.200190072959075,8.169023505857998,7.414872258386573,1
8.019396623402013,10.0,8.511270534755383,6.941470720933684,7.012834121236525,1
5.904450052424295,6.16376232248825,5.973055261359994,6.373135681351164,4.643677814311132,0
7.324687884372962,4.945295530631383,8.185938398744153,3.961288190332935,9.033359403565521,1
7.06835775985572,6.8675769274731175,4.044844273432246,5.393721371973342,6.083713540292401,0
6.022599478591275,10.0,8.338896007448964,9.867128630709585,7.756724884574526,1
10.0,5.794488148045404,5.183242106078828,5.0793166434963,4.655448540143119,0
7.950878533477017,9.4586752081661,8.096146178599787,7.284219731831621,5.230810503238329,1
3.962286120013589,9.51655122111466,7.021409601754651,8.511165959792798,9.152631098833353,1
7.279681472154142,6.169617637438008,5.569090870905033,5.117615997996562,6.479046566563236,1
6.007320302847418,7.853474618777913,6.389445530609829,7.277065712171625,9.179913214063816,1
8.278650002194336,9.442594934692806,8.029477685435051,8.406873306265982,6.882654011412224,1
5.811218892350949,6.43130838851877,7.158841679672851,7.018748982860876,4.237153340563214,1
6.827895337799651,6.694629459846458,7.876619470708727,10.0,8.338101399597582,1
7.757480918470685,6.127478629077034,9.964660876773229,4.497101111682707,6.115161523366588,1
8.298632791255182,5.4778649039606995,4.653637582433423,8.588092794825819,8.048033220275565,1
5.199555389416336,6.026083682400989,9.425818862452935,6.740797393905304,7.037816301310123,1
6.498248146238577,5.164089599856615,7.156533906284819,8.157880232255012,4.685322658085695,1
6.287582033258566,7.051125202388839,5.6518239275153075,7.661960727548869,7.246442148055854,0
6.020006151139432,5.845040153412038,5.004529561391515,5.9002657043350055,10.0,1
9.648181360421646,7.350678867686121,6.71631941383445,7.34349458868901,7.739479687771689,1
7.607472566441433,4.666156530694559,8.382475167886689,4.213147822902569,6.913723370491805,1
5.108674068497432,7.496320348321685,6.808676319433698,7.904871250857091,8.613015102935346,1
8.376792920582163,8.250293442413387,9.26673239537102,7.447237698985789,7.316002697804667,1
10.0,4.009396536142817,4.823236464922662,7.957990252964653,7.314301345394192,1
8.54869789082672,7.561084854771358,6.981866578230918,8.587177487630726,5.362562241761346,0
4.72094505106898,8.841503488709938,5.121409833380321,7.551429760314567,7.350772038684398,1
6.273648890700623,5.185538471963191,7.545447823937452,7.222134129697414,8.553165124625417,1
8.900366723779934,9.508858580256556,8.33033108514595,5.678397495008062,5.745906771849962,1
5.938495801571829,7.6285285140490675,6.36885730947842,5.931668854526423,9.136743731870421,1
7.665729142219343,5.942482216362387,3.0936792150592987,8.780101930265996,6.862440963782311,0
8.161951080144005,6.916346383513441,7.298422220194742,9.154503108558968,5.668345732692189,1
5.609604292632875,7.837490368782584,7.655107827600264,6.642834345531919,8.496448115380367,1
6.9107119659073,7.114008087118617,7.606442132442546,7.069004120879911,6.569808646392596,1
2.138098989896391,7.808133988669554,8.853673287733232,5.643078437509351,8.139272331229161,1
5.463418537998566,5.61898961038095,5.393419480526426,8.759135267901167,6.562362051612194,0
6.62114777291026,7.254041236054117,8.020324158175674,7.998125235537668,6.9102607847051445,1
5.128325227052725,4.87942825464253,8.788761268716963,9.911826154695623,7.740340306501437,1
9.448616955897453,6.833160907976949,4.332118623990224,5.682515384230392,7.436345586385009,0
4.854787933059051,5.6441385378028155,7.479477738878466,6.432988151472674,4.006702329322392,1
6.339933269954525,5.89670508611535,6.243730253488493,7.347168883788358,5.318134389858412,0
7.196110865929137,8.854139762815656,6.877715990347531,7.969734306588656,8.394114977186224,1
9.161909933599173,8.636965180891403,7.5215147253075045,6.676498543678552,6.801795116647679,1
4.846206773230841,7.913707181360765,6.2691571538296715,5.6905583643194495,6.214403045842867,0
8.74474562823244,5.361530852991131,5.986437881257582,8.322111293385356,4.9621389771137885,1
7.015349591529381,6.525387325457797,7.051228626232037,8.081703043818372,5.380395518086227,1
5.527737023428074,8.819646549968775,5.369131091705796,5.625588849154413,3.9673020400570786,0
7.693155211394906,7.212575370459857,5.371262306672222,9.033164201658243,6.8480789219477005,0
7.298589543360205,10.0,8.019059924434755,8.755298063794905,6.10234362912843,1
6.099674684261808,7.589976759091558,5.276808947262015,7.201444745871689,5.550118163522027,0
7.1047031274850285,7.288073674735047,7.999468751363818,7.1193967935640545,6.897814862248071,1
6.42202960470736,6.536325303696248,7.693886939280927,7.831086656673861,7.545955946279107,1
7.170276017876872,7.2003113571734225,4.411289906814105,5.707445394615613,10.0,1
7.99319601178157,6.771295245429185,5.983653021496517,7.045047218746123,4.73217487065518,0
9.379025224218028,8.062163015032885,8.79116410457106,3.7714246830862295,8.739071564950784,1
5.143276751759727,8.435053475191877,5.528251703290477,8.314683468254403,8.459652341522608,1
10.0,5.821015809238076,6.303393606535918,4.657760166337211,5.831360890934949,0
4.071868300716247,5.003150569663333,7.693091339877845,9.255129742643499,7.304853931879046,1
6.772322357446625,4.245691940345055,8.175085763923892,6.504819859050325,6.313550125993578,1
7.882475809726865,7.761986990368816,6.622691670933256,6.682499527103235,7.2785328706281085,1
7.421487801602549,5.344950090739189,6.103734707962538,6.058399140873242,9.263696520106826,1
6.065950720269109,3.7706641105712757,9.133554792547761,6.567941689116886,7.90840934894697,1
6.687816624464087,7.582867906796446,9.608349495696368,9.127797017722054,7.762912559850163,1
6.2604985980117505,10.0,8.468287076172693,3.268287015197381,6.3545360200680365,1
6.115952864583682,6.99089363269016,7.127977213847536,8.915448079132283,4.7739150026134975,0
8.274403145531537,8.257736161677462,5.78760141753861,7.507035221652562,6.687297684189388,0
7.535523228947571,7.122744037821348,5.7543333901651526,5.189467528214177,8.809912232295872,1
5.960635607109019,6.851665520213286,7.783771157898636,5.387031410426143,4.709248215115529,0
8.349399813149876,8.378614724481652,7.627597331333026,9.514589540812304,5.417365947734957,1
7.460949281314914,6.564588183717023,9.102397889419644,5.581739680085903,7.189401604351103,1
8.21929317825844,7.401088471107855,7.975675138804209,5.26997423410606,5.5230178227291065,1
7.944443262885418,7.48254670929402,4.7453795473602725,8.705971813547094,5.811214829327181,0
5.7565074836168915,5.997864319535427,8.577921426584378,7.5078293144288715,6.364602127407735,0
6.159728439704545,8.488063524304785,5.50290905902838,5.5931116351954016,4.951573893714777,0
8.120940407684893,6.737560364956887,6.424043092071472,7.324937463106928,5.5388172306754475,1
7.915555398150198,5.866382260760733,7.3753003093775416,5.461370974539584,8.055141875180963,1
6.968647609053778,7.804764765355605,9.993501234675946,8.651232097633908,5.038945326653554,1
7.175991074963173,5.652298027313444,10.0,8.5920564473097,4.603191798257743,1
8.916497343682638,7.042271736053692,7.910084588704274,7.798009298232914,6.054962530699158,1
6.112642916746255,6.986321505033695,6.725205071919418,7.542491591870525,8.097933253764769,1
7.820646071755057,8.628843348747367,7.801758472720826,9.641782187301061,6.704617288004665,1
6.696711021349159,7.7120473493199295,8.331483138810754,6.999529491082338,6.303128382826572,1
6.673478195159169,6.962459561882284,6.518998561664213,5.227188811868798,7.06653819627341,0
8.648165277980786,8.22664944880043,9.692817033868483,7.67421086924846,4.381438850710522,0
8.238124523482044,9.08531132352597,7.345106138787103,10.0,7.742058480662549,1
8.220264454000958,7.8367154595277935,7.746614633637091,5.477860760221222,7.575152547105467,1
8.958218210731493,7.015528929765071,7.998886378081692,6.457805849959022,6.386037288856418,1
7.031505762449139,5.032245651474761,7.632379915921684,7.624669057152179,8.508886767694625,1
8.022929456942446,5.402329505386941,8.258410750704419,6.919142726491391,5.308755851570442,1
6.534599865109816,6.542162943467998,6.074120220179615,5.526544629434028,8.691863489880355,1
7.486249528732663,6.0857316967610755,6.162547369080954,8.682786784345707,7.231740498392877,1
6.804785418448473,6.719543045521831,5.349768650542457,10.0,6.49517111518274,1
7.1454939474890775,7.084974887345661,7.659251845930339,7.294197188535861,6.970189546947533,1
7.89273553815537,7.794539131535096,8.16840475526817,5.643897565395999,6.839102851283587,1
5.7726689751497915,6.894251832911364,7.686659299227829,4.676559212419788,8.830424344626575,1
10.0,7.729752465739303,9.511738650021305,7.386963971831771,5.3849813087934795,1
5.4909739277504475,7.096711622215181,6.99160597175643,8.655816014974386,5.856221141280103,1
5.1787170808184015,4.036800150469193,8.003112483388769,7.712751619743073,8.55445433810872,1
8.737166310250101,5.590996909271869,5.362448685791028,6.996394238621719,6.106697597224211,0
8.187494040944404,6.783868666417577,6.419350446288399,6.116092522316041,8.350799615997387,1
7.936179725578233,5.185457885738339,8.043306636348666,5.361754550922866,9.549153974513064,1
7.94251826389642,7.899893094994307,8.273653166114716,8.252126989487323,6.39730745958755,1
6.981629840729628,9.296126248515545,6.559049578503727,8.370657432078378,8.022043489862957,1
5.654118442771253,8.828142777545976,6.892601122212899,4.6814053199639005,5.269461577990212,1
7.113706837290589,6.679835693604688,4.723189379978786,9.384758467271025,8.132099947101715,1
5.984257432731832,9.236089205274927,6.464456198790086,7.861106831341002,7.299135978980151,1
8.462679600126627,7.2230011858031675,8.33557474527968,9.09939196771869,7.709557423240323,1
6.779413927746792,6.494371043322941,7.86280752415985,4.986808377272327,6.031641891946908,0
5.761754204811233,6.079896004688591,7.750998582071815,4.951263766876842,4.508374876649241,0
6.51792123752051,6.546295470267808,7.07466053077144,6.776546035349055,7.754878097124257,1
7.6193971814134365,6.417734772188157,7.010594737942265,7.754176640342791,3.904895271280818,0
6.1544131707940375,7.255624333563231,6.0095182907898295,9.694541234390446,6.523974261636198,0
5.766669406650353,7.240860971574797,8.048242630303802,8.059118370722697,8.411772799629954,1
7.365530817237868,7.004569030230122,7.631459416584085,6.63597808478195,7.287846603809554,1
7.367449856663084,7.655407254619525,7.738028271989199,5.4604461885011615,9.922513967184718,1
6.239585236943306,8.785969412179512,6.210947735998629,8.845000859078725,8.53766372887266,1
6.2934425415725155,8.424331203161985,3.7699856201931334,5.552941861373927,6.019152417511635,0
7.348074906036454,4.772653047325145,8.645729067630544,9.442702832158483,7.040970069777158,1
4.8278734877540135,3.169118297647068,6.281743815987394,6.573423025590236,6.928943946183346,0
4.888804338435167,8.40147986685891,5.705836353935319,9.385873108926775,4.626734854980809,0
5.922333668121346,4.949681952376868,8.04021836787099,8.018396935088917,5.58940162527347,1
6.6798292724322295,6.662851897160975,6.411981040121305,6.794506765836313,6.15885863953021,1
7.466361348397007,5.24483046091096,8.589904576069932,6.22090544226081,3.945669245716095,0
9.213034325424328,4.297029343629971,7.9255089243650465,6.48863818398088,7.0712402023774645,1
8.286489434803029,7.812194092307182,8.025353984800716,7.642475038562856,6.626392233020439,1
6.7600922050548595,8.138732740453971,4.951066433199198,7.115734744326575,4.4906591480326385,0
6.971475688145967,6.135234398909921,8.8179159780796,6.109282887896942,7.606319297915998,1
5.496205953043287,3.113436561782635,7.391875796850784,6.7515528845235515,8.073809117036438,1
6.972230296011415,6.180633327621276,6.4460842911306955,7.1178655445787244,7.340551718297333,1
6.567012041619793,7.58770600810382,7.215082701013377,3.8068988583777816,6.513897737186545,0
7.484077840507134,4.7816326468388075,4.33564715065252,7.687252172183048,7.8871632276277825,1
5.759153584671515,7.275039879668733,7.612979217221007,5.53041816292479,8.020330540715037,1
7.779019771361758,6.977035226240507,5.455942737726892,5.270001395191382,7.461105354579533,0
9.299108369503866,7.8689372494016325,4.970994571234698,4.468983479333934,5.763081624347858,0
6.8368597773147135,7.17937055262123,4.716461220673163,4.309161253198164,7.414901148266771,1
7.602567583148412,5.540396588677667,8.669032562484889,4.966828745331566,8.793220976238217,1
8.03521598756667,8.794857252496737,6.056104909460817,5.936468563554264,6.105056412082405,0
6.398169292171246,6.762205640459545,9.300591564874749,9.929888706289852,10.0,1
7.336138722715625,6.959043190735102,6.196297805421553,6.211180486157194,6.211553599021923,1
7.0188886011726925,5.600098061390206,4.43896306361058,7.266625159402047,7.048610520010205,0
7.146514147823248,6.335076623212735,5.325213340077012,7.600722079759493,5.991271605990495,0
5.8404853242168,5.672795928959649,8.853717430010407,7.196597779323773,7.3349062538803915,1
7.036765261388414,6.740580910114866,6.766152733094999,6.8838348089110095,4.386667461047088,1
7.746997436868174,9.567562720213516,6.177569055264098,5.2070593546011334,6.180937301774918,1
9.176715411692562,4.942148285602966,7.240027338779181,9.176391322418818,5.361818199477149,1
8.43890623912781,4.579657903184888,7.752674104251318,9.710794965456827,7.203007521838436,1
10.0,9.206755491240413,8.67609822385369,4.476011958815971,8.491671063263361,1
5.848978655667926,6.686014484272201,9.17274884483939,5.463957113670431,7.969009280671827,1
8.308480955081016,5.996390892010125,6.460347031316371,6.580284486434491,3.4425109587116616,0
7.2750130086075275,8.559857031094115,5.010928470876943,5.553193307634713,10.0,1
10.0,6.091576690394704,6.379802258315086,7.758948330183798,7.442919910931303,1
5.7875525719672725,9.739014570320403,7.3904207598743294,5.907591696390081,5.8352512892604995,1
5.7404172367288355,8.016888807008904,5.554361610684084,10.0,7.235691878486411,1
6.1009110318339665,6.268132887781446,5.564273627657435,8.785822891515394,7.264284733754038,1
3.8141564135352897,10.0,7.5156818223248285,7.3188610459483225,5.999726924572655,1
6.211367467478858,6.091427615494992,6.9270214726443236,8.540479394979599,7.296875001013113,1
5.861301007669453,8.11314305801396,7.04919549311738,8.658850636535963,6.0887915685695395,1
7.225590679714311,7.448938870609738,5.8622569979498955,6.154078767912635,6.3934570109649655,1
7.512633963665739,8.952611934098197,6.654398928691349,5.775674133187053,5.9705812963673734,0
9.814256258823828,9.342266795090278,5.6136502835975435,7.117214594454471,4.85099306539052,0
8.425635757279075,7.04800622359865,8.33529761668718,8.292454186746916,7.218754705323076,1
6.134644516506396,5.869873194480725,8.552874002085629,7.208590597980127,7.877949154774507,1
5.652377992977463,7.689958214408675,4.230718206642859,4.634505276713504,7.772325394114558,0
7.737878757259758,5.983426945371841,5.605733709711385,5.795763334073737,8.229887878952852,1
5.019650189469036,10.0,4.755206117364882,6.8890407046084325,7.4865103150223025,0
9.74718814878153,7.204802996624106,6.024964098389653,6.886501593511254,6.200911752674645,0
8.769160181081931,6.452017673031837,6.874843045314459,9.958813265184713,8.259495796646783,1
6.296236521842943,7.277020458797363,4.825532170452205,4.921018086401503,4.963723690237098,0
4.430298206363683,4.979310565705456,5.6172102803120305,7.758383862753812,5.64899292623128,1
9.03080856124812,5.542578942234023,5.494063941877752,9.233669662492435,5.553699892865133,0
6.828190232121073,8.800620861916638,7.310900994098416,10.0,8.620084088708966,1
8.856724467960193,6.014658581542906,7.104016505554376,6.393403865224058,8.414182771210113,1
4.608358511808449,5.42963352597709,5.91739366999412,7.7371441790803,7.7309578555674925,0
6.1009374655693405,7.804979128790929,7.265231308209097,7.85464053579797,8.607894797817696,1
7.007865549577275,8.778556231994495,6.179979873119102,7.293222597329936,5.681075826382018,1
7.070470890647113,8.0784299659976,6.59251733451092,6.851732198141041,7.522892679791471,0
6.324901792781135,8.494071528708725,9.510178135447806,7.653963084250069,6.812238357425254,1
7.934274898521248,5.864807367145809,9.010691577685522,3.201630872170472,8.27032315582737,1
5.398569355926108,4.867283999887235,5.050628144608604,8.023104235093946,6.827163651171704,1
6.7864307724680595,9.25200047793323,8.244598626818762,7.189266855492951,6.422585667384878,1
7.180443447567848,6.515980241736797,8.217094831737388,6.666287654832602,7.811362777841485,1
7.771658251088123,6.623750475317429,5.277605066871073,10.0,8.314253750786849,0
8.067422317133335,8.992291212773587,8.228166465632292,5.9875989718141716,5.997482207729798,1
5.313036862243196,7.83434501410099,9.306897877618828,6.395386016402454,6.908386492971436,1
4.698828743896566,7.683831658122411,5.316182790633379,9.987329953307102,5.412339049537521,1
8.916515232847763,10.0,5.623745768478605,5.751908042725215,3.252908473760591,0
7.498471017969387,6.034722654429785,8.526492200265254,6.174827075595192,7.300689447120593,1
5.87727019516517,8.391760192121856,7.407242966238472,6.779461864853725,7.913358034381948,1
9.326727963283785,7.085519687345627,7.827214412859285,8.261101723194324,7.393100213630088,1
7.173511951439288,7.402888418294886,7.510883824600745,7.31170376102997,4.075657423368449,0
8.76894577609574,9.292702639618797,7.586043881392216,5.0610619792716065,6.473725854885288,1
7.101277722115164,7.761753634434435,5.010291807533376,6.201747155309215,3.672478359923378,0
10.0,7.807444118574449,8.570976559932172,6.088968350181683,9.054551661481277,1
9.633011263664807,8.608761005964704,8.754384988641661,6.884168432165431,5.370918126822871,1
6.62655377728139,6.452570905685672,6.655913883897958,7.6387654879447435,8.883105414189844,0
8.457356426431533,5.7411854989914906,6.934784575279206,7.627308633831958,8.418804465526218,1
7.968063924377721,5.43278620896845,4.703338746166416,4.335982368927397,5.649114471195907,0
9.052947336298523,4.050465115935998,7.771382134026752,8.595911481341284,5.300822573098382,1
5.552614809129843,10.0,7.858086162571216,7.378853268994935,7.525555324579508,1
8.02907718999766,5.345187451417475,6.906713474501034,9.07679807139086,5.733513944225393,1
8.587636730274381,6.668119564621342,8.686530039805755,7.6662974909360075,7.153726963237311,1
4.361890770365329,6.584780050166619,6.498884153530089,8.651984436603643,6.275758613789622,0
5.225112231001337,7.461110046713651,7.8469088888404,7.69981796717519,4.32826237830155,1
3.941151733359849,8.223605818808945,5.470503491961827,9.019338634304122,3.6542979713133112,0
6.595889748333163,8.290710232539618,6.964671773688643,7.783375954026668,7.340026372741896,1
8.076313383693943,6.125383842146593,6.738468613145746,6.853127130335644,6.1576633805040615,1
9.253535578144042,6.749317429320382,7.337961883061412,10.0,6.170365274628802,1
7.1111421706296625,7.42386992573245,6.445709606749962,8.333555683419839,8.043795758640679,1
9.442923318356938,6.62696331072468,6.802791106492498,7.86061663150662,8.760163414948668,1
4.929847812677663,9.411018364029989,8.23907075716226,5.085543375192496,6.591182917957286,1
4.444926340967268,7.7364624274573774,6.344853644142674,5.067538573804693,6.489101939635208,1
6.916678451655072,8.102316679074725,4.590134348891981,7.43907322321278,7.750214549670826,1
7.576098173408961,7.9943219030011194,9.62437585630813,7.218281796652361,4.964596645450637,1
6.95095787785886,8.760210786227987,9.07218111803573,6.0788161524875255,7.334729582121546,1
3.898836849940185,7.27153233805556,5.061605957341572,7.21147404941809,7.827828957733231,0
6.8663199407308175,5.0547520780662305,8.034561707867791,9.382940392065393,8.020345312626445,1
5.04329574924272,7.599531927628963,6.245537844172985,8.043103711825449,4.094870946246303,0
8.004508823245057,6.022964659312256,7.39523082299659,5.2884872353708925,5.857967095286589,1
7.549897369145272,6.207074977375365,7.4413361935202404,6.832736759285584,5.6826051207648,1
5.590180320508967,7.87954602813264,6.648388299525517,5.7925502787211585,7.149830431613819,1
6.22919962399496,8.857424607150454,5.824351501620406,6.418450125387158,7.721116869651976,1
5.411179717166573,7.031907365104092,5.964188421525611,6.379576501555536,9.245065611168972,1
6.905981354090242,7.463249518898445,5.6257121267781365,6.283531626093993,6.25755177944789,1
8.432713480751858,9.553322416952858,5.752266687654333,5.117296942039908,6.253641252536179,0
5.5214109304966845,7.361129769232853,6.899232564925967,6.808517977722715,8.724508028318121,1
7.756069773276766,10.0,5.926360016333872,6.159088544729036,7.444865407795458,1
6.204613572441339,7.848264468447316,8.02307809856893,2.6058269649965977,8.90147726678196,1
5.810690751606484,4.358855861266274,9.23086923300389,10.0,7.433092004514754,1
6.839454460068163,8.130012431656798,6.129920137944936,8.633154481325008,5.264325071930093,0
5.447136516370939,7.571737577324167,7.359106750803066,6.435548912612506,5.00030746783329,0
6.169526041979227,8.934629131124119,7.749527665454401,7.028228574610898,4.672731626411606,1
5.203183161116727,8.009772026904937,7.708003406378912,5.242518479023658,7.99307775213771,1
9.947087699374585,6.792316024024339,7.113932901874131,9.543584316716299,8.782895234630512,1
7.052895327957593,5.163552645565951,8.114023627539583,9.845933042159668,9.774043212079572,1
5.950411738011122,6.686465114070963,7.7233734290209854,7.235040592369787,8.26465799848486,1
7.320969866101333,5.724219318686051,5.143506366509053,8.535295966278017,8.74425786630248,1
6.831507925463756,6.129214825292916,8.30373409658391,7.262930168400886,6.129975501019473,1
6.668545600700166,7.8828676066309145,8.330936255900113,4.994911841686104,5.265376274884215,1
7.9212500500651375,9.50485675652711,5.855070843732127,6.382264946554514,8.27511899862633,1
8.136261565070958,7.592007294734471,7.056906753171403,7.197891950157936,7.626521128359101,1
6.204248278584209,5.2061754069472235,8.024993489216603,6.318178421884833,7.1611665615113385,1
6.13627263903298,7.666904002330211,6.686029270630957,6.672020083847446,7.581057220949485,1
6.587422454272534,8.794947229968477,8.609467071649018,6.862900663736327,7.484778223687309,1
3.547118252896623,6.085325643520926,10.0,6.8786822532018075,8.925725289780342,1
4.727213406702172,6.798974249990623,5.821020951047527,7.078387735746225,8.942478377225434,1
9.050311401166788,7.022032292093796,4.928433095269337,5.409092400405099,7.8163305285105205,1
9.467451570251926,5.82265253037664,7.455727893407314,5.924475776308095,8.268704308844391,1
6.626445940665432,7.972420650765788,8.082343757689216,5.073123601450046,7.771093828637164,1
7.864835444583649,6.818577777088327,6.653700439232846,8.466723324529301,6.308245401948072,1
7.466875231815304,7.629298665860541,9.179890994981552,3.8415295872395134,8.13484701236971,1
10.0,5.66876173329685,4.992091300415127,8.730385514975389,4.908257396711107,0
8.679362367151866,6.343812549514884,8.039377934547417,9.079524095894266,8.580837328443824,1
6.80812361277885,8.083572036741657,6.09120876886166,6.546729119526068,5.208215590350948,0
5.566689339099361,6.44075027186235,9.579066859310945,3.095294368259052,7.428704930192099,1
4.590330519613641,9.590445776850107,9.988773029752178,6.458034157049064,5.7322690623607615,1
7.305195453800835,6.400545721578096,5.850015118324978,6.903723758066771,7.83008347461164,1
5.865473882073545,7.337027088627829,6.17566429613713,5.48410267010663,6.949112161108137,1
4.866619435603488,8.398886247809635,8.289381830469702,6.227172409287636,4.607866062755001,1
6.03014067363621,4.872451400600452,6.4193040253157285,9.295292798295026,7.631049446527718,0
5.3776779945784074,4.358786782028837,6.931883173101642,7.997390743452612,6.133118834750934,0
9.530712452608848,4.711515528144858,7.038082630813615,5.613153828432851,8.321720081220054,1
8.322459635424176,8.893876155140774,4.120490265703515,4.6036012456068525,7.001988533101611,1
6.988041038025074,6.172212781161329,6.9792433808586445,6.509474023585343,7.593131478082057,1
9.21991620833504,10.0,5.965408338903739,6.679814830974343,5.563646567477182,1
7.116052461471427,6.153628602013917,6.260315766400342,7.744298781044974,6.116001652858957,0
5.708073698007604,7.276826954795555,9.16544800520322,6.197024931148512,6.312042045848373,1
9.284686115904487,9.313164928851814,5.115239658581116,7.767249363042792,8.285053720363834,0
7.808365065526988,10.0,8.219807780121966,9.902731060090343,9.516065631708233,1
5.444130768510315,10.0,6.581555604502287,8.223251533666394,5.792242372385686,1
6.714491982874588,8.812549345889714,6.5803597472562485,6.927867239003841,8.61527221698652,1
5.686572619922864,8.536093788717194,8.185557844077566,6.725274293420058,3.745483873411447,1
4.925800403553495,7.888790423801774,7.5100769418533355,6.464990298730193,5.208715898361566,1
8.389266321297463,8.167541614249956,7.855919495829297,8.770961368678217,5.561832315719838,1
9.864124960705196,6.1732214255072,8.452276990799291,6.059029831073046,4.971236965838917,1
4.902148639271288,5.772701674866539,6.503037425225016,7.067834063499974,4.62461741531863,0
7.844453855035856,6.994938313883572,6.081644898238374,7.076796852821628,7.619498368206696,0
6.024036146317259,6.744723066212607,5.372274210163303,6.247323710782702,6.678898453408208,1
6.269311924352956,6.320157926009087,5.761884205031567,4.941301678173849,7.569108096407665,1
6.111409113641696,8.044581171185072,10.0,7.484461755426503,8.03570902918227,1
5.704013845480276,8.432957812855767,8.86701937110518,6.908494042216924,7.3984254897588,1
7.072782441917241,7.132610329437771,4.973388450687968,7.750360704154855,7.98664476422556,0
5.753574825383444,9.216295121582892,5.016313064884645,6.19959954034125,6.895701570636596,0
7.405685238669758,5.287466328799742,7.722799092577737,8.831231948219571,5.219509917541383,1
6.924642835826295,6.709510811080423,7.820897196066951,5.684839328182233,8.586721271231195,1
6.641577929700385,5.924766519095793,7.8233257529760465,9.56806042602684,6.116331800828309,1
5.638654506937603,4.20019507439041,6.617566309669453,4.378545235257608,5.596605551856361,0
6.134843004147501,6.875978971235951,6.811818609995649,7.652155096835337,6.733123186293403,1
8.133086838738635,6.8173787374250745,7.4918192862390365,7.713146023789935,5.6307836210552304,0
7.751375781436571,9.270174614863196,7.128839509439995,5.806664398088676,6.373854427015852,0
5.533667132802173,7.946217526832166,3.671049440878697,7.636590906791519,7.5160808823452,1
7.148998458143839,5.463719763506193,6.6553005541372094,8.919278004640239,7.5225126088691905,1
8.127080685057683,9.781138849501282,5.722890348609529,3.6747717409689034,5.6532549003615555,0
4.495892078317942,8.83155054328803,7.2628171283627685,7.754117211236222,6.268441940576883,1
7.815040288569903,7.873146555202924,10.0,3.2600937695048837,8.611499507155365,1
6.00606436158123,6.660273851725252,7.551222498211456,5.551502794715188,7.744600176600912,1
7.855898002889739,5.5608411449147805,6.529705470741403,9.443749547351418,10.0,1
5.855111265186225,6.4416898358934205,8.382702252965878,6.127326949911919,8.77019226061229,1
4.292676849003222,8.63312292955628,7.724031830813819,5.239180053386541,8.716439602839909,1
4.558686343175256,9.826879458901914,7.630141735677762,6.703093406522977,4.9181971743162975,0
7.072127419992073,9.314865292408284,7.910275889823507,10.0,8.145790527450133,1
7.389583752582223,6.266725867320589,10.0,4.25247662919096,6.920339797454634,1
5.643525062343387,5.320573850066483,5.303667347011126,5.423035132540983,6.173527294692626,0
7.957888688166061,7.211329370366806,7.710448115217182,9.24614752476944,7.252023010798792,1
4.50771990659656,4.347340951655722,5.610428305027693,9.786553515306599,8.417817301917225,1
6.900880302029025,7.484751571277172,7.833268969513372,6.844853163564574,7.751247386506317,1
5.183475700356316,6.778596120551997,5.621970232770859,5.141420946210037,5.682289297986911,1
6.022245838296762,6.300945247197637,6.373949779592373,10.0,8.11368837038893,1
7.071098006974621,4.6079453990998065,6.5573651286431405,9.391663587623794,6.043618686886054,1
5.709379952074071,7.770400159854574,8.463725079017063,8.01842048164335,7.32502467844643,1
6.423166683655262,6.200948740507133,8.37768166591362,5.78139647659387,6.544974898784298,1
8.509439213821661,5.245124746434568,5.131423935330424,6.926455988742945,6.671700622396561,1
6.1346621957152765,2.691606680077526,7.082401166499773,6.759459878432755,8.149364462560765,1
8.253538168097712,6.958727642424045,5.935630217876241,7.496276956923366,5.439709420276153,0
5.305439718013573,9.658377395004615,5.112242633986998,9.176502157197003,9.9177926114154,1
7.794706266872924,9.491888821821805,6.674474424363444,8.319125561706105,4.268370896058255,1
9.16235293098685,6.314355615120593,6.537275817316271,5.383935884522863,6.103498475117714,1
3.292533249809066,6.096681909457329,10.0,9.064744675029306,7.5553178349126116,1
5.804657116794285,7.703161384112535,7.649439738041044,7.469698210019733,7.8764712496529645,1
7.86560819077081,5.502421841217563,4.933573748868644,8.030598693788374,6.849286419142441,1
6.695431920935511,7.452687849729199,6.152838993743587,9.199811288917905,6.9139139454976855,1
7.556718810056963,8.149120417577036,8.532074943144098,5.332629625729673,7.615825127991425,1
6.094022219926269,8.840399835826462,10.0,6.946261631940305,6.65339578381348,1
7.12988468120935,6.849768885280071,4.621025031643063,6.2028181729611775,9.089771886902358,1
6.766484146911881,6.694489374734551,4.1801134222914325,4.648210861951816,8.259023671347403,1
8.75167309248971,5.683026119865159,9.806447763057673,7.5200649664073795,8.309236526508451,1
7.38163126495182,5.7596794689402095,7.5844212660563555,10.0,5.5507649149443745,1
7.506403993112803,6.6602816621477094,5.69756090218545,4.239883383241371,6.880917363391446,1
6.382184550816299,7.551048260224267,7.801943629183653,6.951579083425795,6.549301076918945,0
6.26859066389126,8.370376939349875,3.0463783914746836,7.960814402612161,5.491597936465801,1
6.351162718270569,5.795231573979483,7.005063259895741,7.184617302484272,7.54024627591865,1
7.591678213567445,9.239032853439282,7.491731759264628,6.83030792122639,6.193531363330275,1
6.368523278769605,6.593314598436147,8.386405209306744,5.051175454831264,7.983105744775355,1
7.434662285344619,6.967949058477346,5.479156071561193,7.349180114410245,5.394712655658503,1
10.0,5.879182481278265,7.128530742105038,5.86485403447611,9.578560919262731,1
8.306687055147538,3.363639609590588,5.611863060910619,3.7151174425321702,5.655501012111907,0
6.510964701748239,8.326068094541574,7.383075633511476,8.791888330770597,7.328953505800654,1
8.801820883245917,8.10526584563865,5.656980516455464,8.437578729763064,8.1877889655821,1
6.387886940467673,6.57800866432268,6.387848741259669,7.07749146527662,6.144039354699831,1
3.942813197233219,7.100486075837308,5.506276907814656,7.343612032308554,8.278702965149426,1
5.4878705336238935,7.773908826556149,7.976704362735486,8.611477019073343,5.156224603299376,1
4.193812118461216,4.656181214670186,8.287676674984997,7.336509485167124,9.178176548773841,1
6.472729773938037,6.206420983980558,6.64806914506388,8.35602633214197,7.021223897448637,1
7.027627568784328,8.19139701943274,7.0573569924400426,6.553776698689225,6.10538288804668,1
9.514655968412924,5.118565865246126,4.827112878049684,8.96797560786092,6.551227341358848,0
7.490391060646244,7.440336898249944,6.5504850279898195,7.481178588899025,8.21337890408908,1
6.6713492067867035,4.965127293064892,6.924693074437383,7.2910779154088114,6.123317062224343,1
8.244108371775233,7.699644973650289,10.0,5.094908366931952,5.8759634658658335,1
3.683297036488172,6.946537776553774,5.332049461338754,7.430433781452563,6.667695103624393,1
7.353421837162849,4.577302276141736,9.196265858128656,5.7520676237583235,5.234556830845047,1
8.15629779083045,8.747109031685756,8.495288160198712,6.042575910207259,9.730815861912724,1
4.782120631330238,5.898112634802927,7.420954606735204,5.7769365575258185,6.150408113177916,1
8.715631064810394,5.7846213444784285,9.6379307262927,5.400647602151162,8.247425179270605,1
7.5077446112416215,7.300853795846415,7.558158208910294,10.0,7.314205125471659,1
6.377068129148798,8.722956024143073,7.583738793501893,8.997008592982604,5.523198924277048,0
7.949172799159427,5.476267271532405,6.920319020473682,9.880551253216392,6.991067936180906,1
10.0,7.092519774771957,8.835353323627942,5.1656574706666545,8.176004168966122,1
7.272799382587743,7.643224750495859,8.644703850716326,7.1068806248663385,6.71760799737054,1
7.372330879450504,8.039658410894717,6.061484068755681,5.059738562193856,8.789669418776542,1
6.310958650689634,7.2646623329158375,5.021129208101849,5.956457684204404,8.532273089172795,1
5.725233445802813,6.449458241375017,6.6955290439065145,5.622809524875137,8.378372281987494,1
8.245503724816368,5.758614669026921,5.7999421534035305,8.859376009662343,6.310514841590504,1
5.715874261136699,7.129215824569562,6.904713138076968,6.405655482847361,5.380236328327769,0
7.107349355829089,5.391791482021589,8.856157202026209,8.602569000541024,6.079618591955809,1
6.283513829852325,2.617974274758089,6.314047517369815,7.906181334382777,7.2943614110000805,1
7.718469738619588,7.654839706236502,6.935764928032638,10.0,7.818680070298534,1
7.500493157930423,8.355902261629293,7.087034102212593,4.780833665290414,3.7426428928593287,0
8.55630991638685,3.455601346687242,8.272646323307926,8.888849859680198,6.987830197582374,1
6.234975401717879,5.485403942935093,3.629665999023092,8.719661305601091,7.237133837984777,0
6.595187597059943,7.928731391507797,6.089949557852055,5.539931742959448,6.583683615526673,1
5.531854426326539,10.0,7.316925538419209,8.51070000470974,8.936910758523819,1
6.333560109885833,7.031190561513112,8.800118434640291,7.504217444539343,7.6326701113763065,1
7.565950739567278,5.907995588156298,6.262146328740692,6.658785610069888,8.965287862121345,1
8.135482924968027,6.72565533834274,4.185170940937189,5.764096769542,6.676059219474651,0
5.616752013733562,9.062314628722277,7.929567168949204,5.9213358228262205,8.406216238760388,1
8.30440888015849,6.031053731313197,6.046956416761556,10.0,9.452599591791278,1
9.033456788207426,5.80121199002462,5.215500011364458,7.001024228436224,8.967540173908992,1
7.620152354835551,6.275884716726951,6.063481915430164,8.173195002297188,5.361787609856901,1
9.815193718837099,5.570007087611931,6.723211963516226,5.813650927498671,6.619485883686428,0
5.839316201344641,7.184005473992193,6.092883003192681,5.830220580667541,6.482252941825305,0
5.133017945032875,9.43701768770434,3.6916509143513965,8.622977213874913,7.7338818026144915,1
4.331919626643582,7.484618909674044,8.345599295330699,4.975635682672702,8.0295303325218,1
9.244066467233775,6.621469746810568,8.912312561918084,6.377179348142093,5.741660988961396,1
7.9815484845310865,6.562283096626684,7.977282987009259,7.051041116608348,7.101757770875406,1
6.916622993634317,4.655213786955015,5.293471494362775,7.167058902760079,3.9701090017657954,0
7.419952939479731,8.32466466572074,6.697762699078723,6.731360072475765,9.162917508702835,1
5.311766429052435,6.883244204480797,6.990218027155813,7.593729671643885,6.23143863898496,1
10.0,6.729280129614062,7.898191584342865,8.039283633726717,7.083795909766746,1
7.193831772962842,10.0,8.002510733077122,8.101956318188995,6.535525429017909,1
7.164092191907339,7.44812936254853,5.898739301832256,5.52129428699826,8.719041362520123,1
8.08864993584804,5.872313424857223,7.1229933346203405,6.573767353106804,2.7437403379039313,0
7.7215138476050695,6.3604636056916855,7.685920606922862,8.792144292815406,6.975084486511136,1
7.335826036418697,8.722668563795132,9.18373348322015,8.341970781360809,6.8412718637534535,1
5.814288316832032,7.1699056158066465,8.056759809737084,4.940710822778404,6.319545418612476,1
7.707202535703994,4.84258303252395,8.183585031063279,7.527219850528303,9.589339818453448,1
9.823036744712551,8.378843401862806,7.125739941894041,4.032662125937785,5.669005811716343,0
9.018130069232466,5.997783871691509,9.115688717805256,7.070402353090555,8.157694265853491,1
9.389779939959096,9.809946664326318,7.614644193939246,9.846650525118966,7.534379183059126,1
6.233176485353222,8.620072098571972,5.708368134739644,5.578160924096521,8.892278878803275,1
5.5155927696121285,6.329017156511873,9.105054955187786,5.748515431762627,5.999216372833742,0
6.8113196198505275,8.921524542602668,8.046854908808541,8.14604467235929,5.900546651314362,1
7.083587368433042,7.101783265791105,6.335433968307276,4.685797727185531,8.644104861216098,1
8.641287277706423,8.27916051268333,6.280760548901135,6.050867455172441,7.637981962495165,1
4.461303055427771,7.727099225941712,7.4448633177111425,7.894661706372629,4.682593979984862,1
9.29432547919092,5.73046501751369,7.694777192901377,6.048571228465895,6.191042478305095,1
6.762988152131516,6.034675251523807,7.29593839844681,6.646045019183543,7.579573980772092,1
6.35967839507887,8.544941226371742,7.466963010164328,8.116278565472552,8.256646332319884,1
5.481843437109749,6.497837001840189,9.549936061864571,7.632319125304842,5.9811540202105675,1
4.517714992201345,6.394527305137005,8.607314728352328,7.400227594443103,2.6286160152745883,0
8.234755875942872,5.5673161309759704,7.285953386897536,6.491316581094941,7.78483477860555,1
7.109976950782606,7.635398598390192,8.411965871151224,7.555091672903433,5.169518965084036,1
5.065058650388419,10.0,5.451214144708691,6.814400979850365,3.973991802816383,0
5.057381841904576,5.398700628618591,7.596890574920214,7.6867084148886775,2.7515111125237888,0
6.4963229510648075,7.036329185009137,9.713959524599666,6.254601962323033,8.220971290296612,1
9.503532287934089,9.118330833123144,6.67293115691144,6.726146538430688,7.192926175607449,1
6.610612972954593,6.880537913131427,5.728549107071373,5.515063311171979,6.661515428931622,0
4.7452855703228405,7.678557694374601,6.021866667110409,6.947488584990646,9.083536544444142,1
6.631385403871084,5.40640970777968,5.365550443986417,5.783498704556733,7.9559870245346085,1
6.590914645378494,7.6424606458114726,5.822857137808445,5.32893032475701,9.424450064082874,1
2.9546700355876423,6.719283602493177,6.444237852114957,7.387991721783083,4.910896791749505,1
6.918557700223282,8.478594993519794,4.891649471232037,7.319109663786491,6.948174064069055,0
6.6535982046869835,8.781079077347126,7.023427500924405,8.174310602422858,4.574929937577979,1
8.044309547220127,10.0,8.35341576067997,6.353311645637351,6.655926502216799,1
9.773434142418019,7.869449759820363,5.638365729779619,7.612079270255133,6.627076219349984,1
8.689847544321637,7.48869447487325,9.278925885462654,7.826196358410495,7.939920455894606,1
6.596666964167754,7.291576452366004,7.766188132791392,7.6671607117473926,7.068345821712848,1
5.340211136887495,6.470250560783968,8.545870878436086,5.761519475796787,7.935110707419874,1
10.0,7.507725765192537,6.013248169221795,7.224045223406783,8.055160199708341,0
7.088827651021733,6.556897884791455,8.281787840599923,7.546210444081992,10.0,1
7.0208939378694195,7.252691464404421,5.3620991494070305,7.010767700361913,6.527055017070813,0
6.963812369334995,8.97639630341194,8.335371251254763,3.8702835124433728,5.588465949000431,1
7.297127141151783,5.490186152080538,7.257759009690297,7.24073443596022,7.369125422974613,0
6.783459382114086,8.709817841693567,7.829876829977176,10.0,5.796579959290685,1
6.139506989679646,8.975672601009798,5.236608091562722,6.459941096864526,9.222941152654803,1
6.179711588139412,6.822897209513382,5.657395236585093,5.907884353217018,6.575172941582151,1
6.950870094676002,3.817217651487108,7.895842327380077,7.560022839567098,6.1516354481890145,1
6.184862843299353,6.0882670193583515,5.577477993663699,7.4685673156998575,6.293026418273323,1
5.930731325984254,8.945491819841664,7.694809438148685,8.789102748124622,8.077626135207462,1
7.159645341537845,6.965697906551677,4.949293290309631,5.113197766136668,6.763379525152772,0
6.617534173868717,5.501046651557634,8.272261319000002,8.097070378862488,6.037499769804427,1
9.255989482874032,6.242837618157674,5.151215027847236,7.885633091877195,9.498027876435296,1
3.023545287410482,8.260930039756829,7.828449906519285,6.7867801945891815,5.715745239007375,1
8.637260277883692,7.820100352302069,7.938446400469002,7.508030976882535,7.05334911104949,1
8.869127788746443,6.641601851245459,5.954842272355638,8.544186222397537,7.978459227415346,1
3.889914651387776,6.449763382277968,7.87303985062709,8.308473070042675,4.55299733437439,1
6.485968608879477,6.412362776434267,7.390663395000334,5.285471031889407,7.720390752108887,1
6.442838701006313,5.616384723252247,6.1917372157108925,8.230237280133228,5.417338486779326,0
4.888732457923268,9.423063534204163,5.487167973885688,6.902967092451224,8.234174171251004,1
5.833274968613687,6.51651929618299,4.056061462491131,7.109311147023272,5.556023482121535,0
5.334136231801256,8.825737781238244,7.52447507094954,7.1097954865025415,8.03915354777329,1
9.628405665135434,9.281974077883676,4.652795842956917,6.774635516802611,8.65874959944207,1
8.403517589721192,8.497466347221941,7.143016299161962,8.787561245660598,8.292154788449208,1
8.907332642491237,6.352569530922928,6.604827675876626,6.8744230602261815,7.376974972357154,0
8.082508096064853,7.605595135504914,8.018714163157293,5.320680807425247,6.65304858560545,1
5.306422343174156,6.963706590413626,6.546931750765204,6.409705216045407,6.1353706354977335,1
6.21321960058034,5.644447208904808,6.505828320479363,7.268042075215713,9.206552036225656,1
7.734061841841877,7.486538922582405,8.097806056432443,8.843822176445576,5.9507571697485355,1
5.166808286662082,5.231440313260296,7.502587043626177,7.90464202742325,5.444400889645006,1
8.069497645258583,8.781519082692345,7.474233935774167,5.724197081879434,7.998053402549245,1
6.639511902762798,6.30307405405241,7.70390138471279,10.0,5.805794795220256,0
6.437768788675604,7.301739483809259,4.696641815189341,7.397162966466969,5.574904753800809,0
8.066439952305238,7.424931807319213,8.135183019980474,8.913086106998522,4.8345936067453525,1
7.66639496722906,6.611642539443884,7.918703191020404,6.772428349634156,6.2756352408092235,1
6.45855075127138,7.880040702212912,5.474975307135254,7.800038867058174,6.87592746415526,1
8.738994705046371,6.287644515066213,6.633879289488698,8.259202756777608,7.364637591491048,0
5.378405008600154,8.306945946185866,6.9410390685585535,8.827292067631383,8.426959366449225,1
7.923903410416395,4.981030479629878,6.798254823397401,8.586052458067337,7.790346885498691,1
7.889651886952576,7.189569369319618,7.500789949852802,8.308295500109466,6.71369167067023,1
6.535680341029015,9.908393498587428,9.147050172746775,6.527369903208837,6.70270648543042,1
7.489199533363177,5.499503013091638,8.622650091509243,6.142380937065908,7.765236203372775,1
5.123329635422046,5.983382544212723,5.031671209852891,7.498911265486297,8.908855244392853,1
8.386040528810351,7.770861774488372,7.933104985459073,8.399692108511603,7.189471299224801,1
6.722646795335517,7.269372672909397,8.993399979303115,6.665918948835089,6.296303718684387,1
6.215915469221441,7.525945148910338,7.580212781033804,8.59775794857158,5.510700998371682,1
8.573513838755334,7.733780695221495,8.63647063777895,9.17892511822927,4.8321921033816615,1
5.943484464185861,7.9520822028426545,10.0,5.625518621389871,7.999404508065285,1
4.88730805545466,8.664549762934335,8.535564319160471,5.74461894430558,7.866967785459336,1
4.665056239714144,7.6147279853927685,7.373962893462593,6.7894374116419955,7.8660452876599924,1
7.909014927018459,6.638113518072187,8.56763271112713,7.461419002283794,6.807010830471916,1
5.079355971255575,8.008860551804096,7.217331749645337,6.213149479349424,9.110402118837627,1
9.632191272976547,9.849822902342822,7.035854564927433,9.028304018300716,6.273822258122774,1
3.877105888174417,6.801049380426139,6.472878646429401,7.636100292277677,8.432903855810808,0
9.544684552435058,5.538206042994037,9.345120038248163,7.05917057236111,6.9418856575156855,1
7.316526200803928,8.660621003930459,5.772357001086998,4.846135714197209,6.0874738529809935,1
6.854930332194411,6.819428254069603,9.298551587017174,5.0262762753587396,7.888795460976642,1
6.182621369786576,3.740995680978946,7.749796185610557,7.4215138754227095,7.614454178025991,1
7.598704171528106,8.271132515725633,4.901040737797088,3.801106560767746,7.535459138900389,1
6.943547946362727,6.197007721069116,7.551473939487132,8.518956114466107,7.121917633084298,1
8.654952823024782,6.864200076543759,3.8499602385225637,6.76276923344152,6.9431603774247534,0
7.17134147299306,7.497970495853522,7.938262025246553,10.0,10.0,1
7.225452642192816,7.2857495196686,8.327847224483486,10.0,8.77638496779426,1
6.454581681679216,8.064177725708559,6.11146606652192,6.727826396128725,8.084240342478267,1
6.914581564418399,6.346770444145235,7.185321543933373,6.840494496203028,7.1676987373050824,1
7.461702653338088,7.769658697264124,9.931236150625429,8.493372271003045,8.510735800895004,1
4.434747411015062,6.610679983624125,6.241379943607095,9.554758914877057,7.776992164587178,1
4.9777218668414305,8.108215721331254,5.4116386194151,4.542956413845975,7.039307129161053,1
8.114896141034073,7.92305122601958,9.222495103693898,4.32043680196797,6.544653512101128,1
7.256298157191913,5.596841946933107,9.943880785796193,6.066947791668428,6.878623993505967,1
6.724024995470981,8.628973174262548,7.005543507771771,7.874106374760797,2.2443613961829163,0
7.02765089959809,6.196054832328928,8.517194553112535,7.745310385761396,7.315901258946463,1
7.521372558042507,8.212086697421718,9.012213873296322,8.604657182475774,6.267285879834461,1
6.190360479535958,7.55093097010201,5.886273651192424,5.200453707452038,9.389004997424326,1
5.832542911896531,9.757275515192683,6.272041246948198,3.5257842055466853,7.0290161062176315,1
7.293767882646522,6.6648010264422215,8.846311769732102,8.287021292953218,5.216554870697557,1
5.532440833577452,6.4760248058227035,9.527521418062765,5.757705590552148,6.925179768807824,1
7.612379133571708,6.970870591168401,7.844321290261532,3.972268203417043,5.430818372406244,1
4.44612459364324,6.545230325748587,5.680278469746918,7.217595618939073,7.7101111235687,1
8.543733455988466,8.199912852913075,9.980591667549161,8.189763532328016,7.436421046509228,1
7.708896223619565,4.575534087345118,6.203543653282053,6.816914301818084,8.436759446662402,1
7.384044601470814,5.419476371280469,6.497293328242822,6.313227420726266,5.813677312458152,1
8.47403647591827,5.39829561763121,7.5135067517344325,6.76095665178114,7.05101214434222,1
9.498211666693866,8.425461387960363,9.331240631072161,6.444125856398825,4.952467306860047,1
8.521555097527196,9.565920058872887,8.280963964828336,4.977929332089749,8.052242172887071,1
4.238688653002532,6.843326172193793,7.622298250542866,5.927978984514352,7.778306770660183,1
5.080634549896447,6.746767415214984,7.694932795177159,7.781919857520721,7.743707531541356,1
6.062772133456482,7.105078244669772,7.065272002965199,7.48251781206475,7.002428547035412,1
7.039136575316251,8.742817453912286,7.837209271777759,7.252089708950231,7.622159336183186,1
7.776488530703684,5.608970298714139,3.2056598834585452,5.507277277219931,9.406508662462894,1
5.911384280269802,7.357553474102177,6.5550888113953025,6.727745256796499,6.572358614436979,0
7.280150146715617,8.462796444673645,7.361982902375171,3.734402430335718,7.207967775565127,1
5.866925601470016,7.751641254909767,5.273478874570739,7.267714995828085,5.370810551227885,0
6.082723295512078,7.284372424898115,7.57948497671734,9.143286561720352,5.697608557602502,1
4.890008354727667,8.501569138850712,6.6932931685208175,4.788801801936842,7.146719939639961,1
5.615150130833643,2.9451515605011442,9.633213547473236,6.121108490023367,8.655900320052861,1
4.9724730915755,8.016812979296361,9.359529587822285,7.493660168065194,6.615578763622642,1
5.536190120534001,6.0188864753088644,6.301291646322756,8.879263951641226,6.646125206031814,1
8.580462694911759,4.254050654715314,6.773743432649957,6.327663075549776,6.389672133243438,1
5.5759016667520855,7.766803899287471,6.889078651587411,5.961624506101155,6.197864993733515,1
10.0,9.060487817744436,6.322510785760566,4.046615286375875,7.442457183563232,0
7.739976851321334,6.793827228058462,7.29253747604219,7.155157193962159,4.754113532232033,1
7.2772541855423105,8.429311820804408,5.862576896668615,10.0,8.921409365000091,1
5.71246332972818,9.418417386982968,5.304076997593711,7.416037692947014,6.00186655280581,0
8.050464819113486,8.972371680376071,7.934066835850403,6.96658153122443,8.082855228157213,1
6.136543260643339,9.459946794057089,7.944294376332716,7.483123466150478,5.095002103909186,0
7.183014721968042,8.113191236607838,5.793526360510011,6.983361994077097,8.003260195819328,1
10.0,7.113150458352389,8.343033146143899,5.780478441609805,8.007916911721747,1
6.855910150413025,4.597051282154247,6.052633406252003,8.234919873516558,7.576303108008845,0
8.723909989428513,6.630906267805077,7.379747857056972,7.338642284667632,5.508357217300311,1
5.945235362311169,5.735130107025713,8.230516018918683,7.026419877900486,7.374322284397116,1
6.947517264254557,10.0,6.949581152944431,5.536950959082625,5.225415722898417,0
9.656200953453265,6.736171281351495,7.682111368211702,8.955261897902139,6.620855117355722,1
6.059549413318349,7.184807210176729,6.225355534168642,7.997054117999665,8.54411965143299,1
9.718672836995394,7.8272280640607015,6.705300124857854,6.170618743949047,8.195052890606114,1
8.061627903183213,7.06540366955868,6.69121085367949,8.502737280522906,7.02277441381065,1
6.156299836158599,9.542576560646129,5.8801324801896415,6.253643742422189,5.537790136115737,0
7.948611608583281,6.066025957398322,6.734838755326327,5.826994761233444,7.96838156826129,1
8.458831674440095,7.2919111828558645,4.67707255170438,5.86044532377957,7.029071856547038,0
7.932714943325795,5.886294121452927,6.263269379286843,4.343397170367863,3.519526602654365,0
4.644662920164316,5.019966233168941,6.572686759945494,7.707313570627308,8.173944739474777,0
5.9092942362626975,6.082346363642072,6.615730371256929,4.2532826824924745,6.963650749195462,1
6.628722046672743,6.944444804427382,6.637753831193831,5.157334253101356,8.803676871974607,1
6.88834985634993,6.35604666322411,6.907353700209806,3.8866179863822,5.357094221735793,0
7.931008146326017,5.961368530189216,7.7191622771290955,6.87089546081366,2.2349442802059993,1
7.2665515013998805,4.890523804492249,8.311775611198783,6.774519309592192,7.418625787517778,1
4.996983461934848,6.875341641056957,6.025352159727599,6.509955680220454,7.437345515022959,1
7.570296776508945,4.742919438953496,5.195198716916283,5.436133457994136,4.463992558590322,0
7.915878617925735,8.140083945534403,5.436933381635345,5.24164936984504,5.5322506812000904,0
7.83968567189656,7.123659629401755,6.269195618207609,7.696554795319861,10.0,1
8.621171088331932,4.8136727508026045,6.472118023275236,6.174172102437268,6.541584078769295,1
8.250883231823357,6.536186384425205,5.845005900703814,7.474537482304217,8.096438464564324,1
7.688770118842655,5.871765391614125,5.055825003625158,5.672126970813666,6.024010258947424,1
6.894751432812029,7.478761765628771,6.315818758788717,7.271594114156623,3.864545651720265,0
4.508558599726014,9.010675669034717,7.272139930170957,8.954917055974096,6.7446126298061415,1
7.644427328698879,4.187241295531383,7.892544198753347,7.879248700589175,6.601593159570842,1
7.311531530744666,7.172539118721126,6.163865420337518,6.38137927267528,6.400182641997443,1
7.4073682557930605,6.7598008066500395,6.380503266784849,7.385798455533891,6.828038746740411,1
5.084877136269536,8.007010114675698,5.6099525367290335,6.6390022382046805,7.396402407468455,0
5.378415189387606,7.319794942356534,6.952841244437836,7.0118202770420925,6.77482457311929,1
8.579729279999356,5.872046002391771,5.727357048713778,6.511583421777244,5.103990748078955,0
6.940667269215018,6.521419096500073,7.8596917198618,6.753497191171913,7.729277187342908,1
8.022251046058937,5.805961214794767,4.3212002620988335,7.318140029611263,4.075942367016365,0
7.042477564195689,8.614010707897897,6.460555491321307,5.509961950627074,3.9244638140736994,0
7.044634209243615,7.031967473007914,7.451661008787613,5.476181759515033,8.108770742052352,1
8.407425708963997,9.851786028629512,7.275751774483757,4.917186169253183,7.760530408203035,1
6.225932907673939,6.909008779278069,10.0,4.599593343244435,6.913906952388946,1
7.144181165411475,5.937389849634306,7.524700036851861,5.174075961669281,4.906827242867393,1
6.306587066942436,4.729428411080759,5.493918104736985,7.239193760206194,5.9381335889888875,0
6.348255658851526,4.295290485616082,6.85680362936639,5.660818726762174,6.605879878470244,0
6.536241814797041,4.623796085491765,4.335630499800322,7.770421696346644,4.60615904713883,0
7.333200657450569,7.400689976517225,6.879100376054859,7.052070623128842,5.891457012965151,0
6.281877067504785,7.7630875348449,5.750415914498862,4.04724367984292,7.97849550726502,1
8.883634188360281,4.6282139469518,8.373085413340242,7.982463376332535,9.140958046433825,1
5.658089046670744,8.342557471114173,6.175689588106698,8.216197968387565,6.370847871012174,0
6.719692533757962,6.2754084224748405,6.82485112630713,5.50920598774772,8.134732531474148,1
6.340403412588738,7.220189517978324,6.046663237893394,7.630287314342487,4.128909894118799,0
9.1704668265306,9.418330942383136,9.608277027779996,5.715252643886202,7.989176861670417,1
7.294832164767362,8.345258973798298,6.518135850823133,7.146505565122503,5.794077377908779,0
8.547766809202953,6.597204028141252,9.748835565218803,5.103252389567552,7.461018425061955,1
4.771659440444542,5.663211661877069,8.2212276431774,4.310340321198135,6.628371372640436,1
7.4005753988038885,3.7722768980060426,7.723100091003079,6.425774215580547,8.980621014675751,1
8.334446193435156,5.92127002113637,7.553099720976279,6.814406580587746,5.688346527490123,0
7.123425983913136,6.6833046417584585,7.590695947324377,6.403480459578094,7.941409446342747,1
8.598220562598026,5.5192307092732245,4.1084911309815855,5.2239541626661605,6.5807388050552,1
6.224067324849441,6.803114549361543,6.5816749087738655,6.400151406803294,6.762541782985505,1
9.11402116027837,7.115277824438152,8.267736956776483,7.403942128871101,6.724219160261185,1
10.0,6.662716027287882,6.926654224788842,6.932660454816195,5.73149034325883,1
6.455742159340511,6.02499612876481,4.892215229794638,7.27375154589882,6.978851551139993,1
6.331746217898842,7.2529820079500915,6.9213933241337955,5.99482719931865,6.906027666817268,1
9.18007671567655,7.662910974354114,9.556158274383236,8.757576872074239,7.361860372610094,1
9.36935821859607,5.364401383835731,8.870337573302079,5.235739995167829,7.126757718539294,1
6.2157099592700975,9.116398569619404,6.906993985950953,7.731340445630078,8.196991824418355,1
6.369719774356214,6.852117801573607,8.42717391558713,8.772836639439943,8.385262924071053,1
6.577323086709239,7.028274434417272,6.450239469447922,7.721362139123343,5.4240650172582985,0
4.9833242334485846,8.062321634884835,4.444192619759922,6.696213659402755,8.303158750886157,0
5.622022080273703,7.349824196895253,5.613301017805669,6.207554430005532,5.220495359335218,0
5.4937888498718985,8.429704950869867,9.344333152762296,8.554131476569385,7.881783832206603,1
5.848303652343807,7.430686247802736,6.589010377256043,4.865537612107491,7.929608177054304,1
6.947972668919828,6.0813439380393435,6.634924030937473,5.544813609430535,4.133024662506244,0
7.35132209880478,7.542255287809152,6.550242705587679,6.403663351762418,7.139468869794115,0
9.325750739221116,5.2844106890190075,9.85620488435951,8.856480636267998,6.297255829959527,1
5.5024689388918135,7.162839558664785,9.438938373043095,7.569651454061344,5.861852113096938,1
8.476483597714875,6.950155014033308,10.0,5.547931362234632,9.026278496048509,1
6.6790167336617365,6.687824714091191,6.761432184399923,6.534538441922645,6.019481289043871,1
6.925804435521351,6.807193732841604,7.443436733120643,6.078515283855558,5.7904346063229255,0
8.012229238249905,4.1772264317535415,4.725036175868813,5.935316511649697,7.11354241000764,1
5.315916967656552,6.176912638388558,9.215401639177411,8.468334337835168,8.028384619447625,1
7.573614619276076,7.1392673517116725,5.248330673098097,4.942385306104742,6.78752712098481,0
7.249678312319584,7.239784587996101,7.325163345643944,9.41317128360156,8.749555818503879,1
7.738676896012223,5.458487288611063,5.354046208550734,8.242344535276935,7.796463492946136,1
7.433752965861727,8.898561761297051,6.116699759891956,8.636292505905548,3.7326830204028543,0
10.0,5.700737727678249,5.744106353425449,6.305590731962113,6.205799554739488,0
6.043390023623026,8.454185800790105,6.088187108986273,6.775088921381336,6.157236850972452,1
6.203504567497274,7.640791542807527,6.191315945276532,4.850272278212932,7.7190414301441335,0
6.065289210362853,6.0306590352342955,6.177596807612384,6.213006389399795,3.062774415438832,0
6.166784321259618,9.662966338914268,8.25000086767046,7.740482271464726,10.0,1
6.0439193090402235,5.20954475236528,5.34270581040622,8.944094592672094,7.796539142341315,1
8.783524796661327,8.378731260415002,7.3308121405208,5.339264774796322,7.223315205876537,1
9.130756371984782,8.500873477064466,8.826938728458337,6.451741094522101,8.77235157462872,1
6.143880559375786,5.994069686385033,6.230205453229906,6.773051169651216,10.0,1
5.751466640343657,9.088697950096494,5.9231216638785975,4.9063161967112725,8.306119966882605,1
7.707123334579606,6.6249302281015705,6.654213062229624,7.887023862637601,8.42321964470743,1
6.171665433578543,7.4330404439197855,8.769587812541065,5.914014502386086,7.196035036696573,1
7.949397726633267,7.390482758156831,7.291161446430037,6.706914473234464,6.7877113699495775,1
7.304384531276949,6.798536887794178,6.203178558088602,6.322075942132184,6.286306833992648,1
4.7263838275041525,8.216212409739674,7.725814976782059,5.8159922414204885,5.760832012428187,0
9.321257801995092,8.19023308082832,5.346561775245365,6.989432521779168,5.969478850450754,1
9.693816509643282,4.377202040142729,8.022039265664421,6.676585632147966,4.974166053485526,0
6.080816964273421,8.956510364317229,7.612910961552651,6.442213176582001,6.886192823972465,1
6.418447660096024,4.506262017946488,6.538287293291674,5.907307567479486,4.47299863416042,0
7.428798086087358,8.548819306512486,5.742121302329153,7.479287006174433,7.286374786215566,1
7.501685184980538,8.690057705241376,5.669978616574814,9.480425902738428,6.945504087936487,1
7.987816409009246,5.363550354677202,7.802226004518865,7.209830849258691,7.220402947580031,0
10.0,6.383778568068123,8.843470753733593,8.494177322366694,6.216802644970011,1
6.734579158758926,5.341442997271097,6.044038379456808,4.914667112269806,10.0,1
5.802554133192319,6.677618454566897,7.687580055327227,7.236642158940654,9.04017385027047,1
4.9310211579782095,6.537948573721388,3.8694594720968967,5.3539475215434,5.1331862498729155,0
5.9036049400871216,8.16949079840401,6.1230734040142005,4.784612608702147,7.349302131140347,0
6.950309540689305,8.965463119179413,6.953411600693647,5.890942888811446,6.087990785594014,1
9.691836795276682,9.093525716184935,5.635474874527249,8.787849001620359,5.478280409938879,1
6.223583051445743,6.156747960132547,5.595240437815606,8.425023743004468,4.989891893314097,0
7.335681927458348,6.686167189383208,5.998330665296671,7.3645070830816,7.648325036138881,1
6.975365655890872,4.474842711668575,7.43828909248956,4.700949160165104,5.977929647395639,1
8.782589910172126,5.791194900255717,6.719006472390438,6.705579022918095,8.451739036037806,1
10.0,8.447277449646187,3.642653150012542,7.452550013352603,8.490673321795658,1
6.203696840619519,9.423374235322347,3.818949771047401,7.263304344367897,9.060871577817174,1
6.265840836222667,5.148476692180117,6.089702233214237,4.234309624778882,5.721419850888845,1
8.566241315603609,6.1113036112706585,7.686529879080328,5.664523227970192,7.713048416038015,1
8.022837234439468,6.96039136456161,2.878742735912148,6.903883353776925,7.948681324963451,1
9.770060988604051,7.42024173822941,6.250404735772554,7.804436364275785,6.288732737344053,1
7.875892277988946,5.785594720117531,6.210628215223869,3.70580826835008,5.842342063910688,0
6.461061863819411,7.636091566696135,9.082506667312671,6.756814036780212,9.414280998663958,1
7.885982246038464,6.289240979393626,6.422467282430705,7.214573154818429,7.341243813598081,0
8.663055370874362,6.9783215936825815,7.574483477111393,8.27441798277432,7.953951626067607,0
8.230723271796046,7.819426372005549,7.211885710131195,8.039286376356156,5.766885982258109,0
7.760911046660947,7.009633404716407,3.804150280289199,7.873856978213208,5.171073300216709,0
8.600012034383731,6.345421164210147,8.152310824947605,5.8000892399470985,6.145825338261834,0
8.75394338566851,6.835585294111254,7.323094758184432,4.137996794315039,6.813967918915004,1
9.07323848655629,6.8674555611919965,7.762402959511884,6.410420864407898,5.403669989773976,1
7.973064831384464,6.444983455176808,10.0,8.50244773781284,6.985232787024425,1
6.749322879524718,6.611805905999346,3.8738305907521173,9.090181791286646,4.46724221789725,0
7.220070529649984,9.397970755757076,9.587044974641662,8.065823653446678,5.319928866295192,1
8.809763449762535,7.841379171911858,6.568828720899466,7.644011234202601,8.006366872415313,1
5.774596493519146,6.556779522956259,7.430993356604514,7.569459472578949,7.9056857804168414,1
7.553009963309352,8.045431606766103,6.931731632048137,6.16582187985883,6.4121848519197,1
6.409991781508959,6.499270765365985,6.363645499902935,6.80490955966957,5.47335353638457,1
7.043117234402226,8.759686956379962,6.145250607641862,9.503604288739497,5.458894672710984,0
8.917677793910949,7.554463288297141,7.494263103359514,5.586162991312185,6.440097631088029,1
7.286648602029855,6.839046783993656,4.724239454992482,9.422168186064777,7.966777737467937,0
7.069654822234223,7.671575388715416,8.125868751282649,6.516957768261912,8.392368537016488,1
4.960215788530121,4.6436857718972515,6.375708392672119,8.988148163642618,6.2552023967770465,1
8.119380349040831,5.309848796635292,5.304895991439463,4.889777485753693,5.269761361022824,0
7.968226271711613,5.2091124904014166,6.32498071300628,7.878856301746974,7.4017654567995,1
10.0,7.21441464214556,8.885723825293859,5.8948447960785675,5.764697544061226,1
6.538332647570499,9.598772499227637,6.196997369475665,4.877099212113719,6.222621041708196,0
7.328725491495908,10.0,7.537680427314431,7.327801063616419,8.987914135655556,1
7.374075525566133,7.957076652161136,5.90356558642679,8.514207682893954,8.240673142848651,1
9.366179919645212,7.751266712416685,8.136882774885429,5.732587842109756,7.236961468377178,1
6.857056701419572,4.298413398770892,8.028261608185305,4.751476059312398,5.092121498330916,0
7.418532288655509,6.185989300398967,9.772913249944617,6.862232853497567,7.317094851205988,1
7.911844764574809,5.818324372137642,6.736654081751177,6.868847006834228,8.593985936181289,1
7.279913684734537,6.068728602623326,8.00298220713686,7.822479441331748,6.4365495013516965,0
6.330349578174207,6.747784272122816,7.147101309308417,8.424391857046732,9.026671134980072,1
7.291134989347461,6.291864133454309,8.943807672794522,6.910877228091259,8.939117934277311,1
8.610447624789659,4.0310502844363185,5.921751418586904,9.783254972191395,9.49559924821521,1
5.460227050883409,8.121865384176301,8.117507969315922,7.336352116802938,7.457864689797029,1
7.199454511220314,5.39088546139029,6.7079540558249775,6.480360240989651,7.881087549709019,1
5.94981877759124,7.3588702961667245,6.9037177343372536,4.582648961345758,9.121280932496635,1
8.792569943387264,10.0,7.137628726672559,6.606010719525749,7.671090905603464,1
4.715219642824338,5.620923112620365,7.378360594640016,6.495419581883295,6.248148838314681,1
6.161617229092617,3.204568715880505,6.825656435317063,8.440457194422205,6.327185745208208,1
7.565817812596781,6.570993667179834,7.322069774755789,7.693725436100281,7.357832430660609,1
9.34828604385151,8.651439452497856,9.367177086343277,5.230946317551075,5.064157867080672,1
6.901374608390518,9.93752118133089,8.478174528422828,7.2583815796165565,6.785111626953711,1
6.167200709960203,5.155675608321375,8.303731888745345,8.007296757593581,8.64482067734538,1
9.821735604160885,7.745048834854782,6.316690710964194,9.29204703908175,3.7131192232520784,0
4.827979149375634,6.30203431482992,5.666138757657513,8.331255951121088,9.301723152691773,1
3.701791065069877,6.841077468543797,8.43295083735663,8.141269981467216,8.68356132805474,1
7.6600216750799985,10.0,8.314070188794691,7.090128991922746,6.310353076254286,1
6.246918663471083,4.745544507407271,9.209006013626473,7.582468008135175,7.815086241807714,1
5.46815077430393,7.38060949224186,6.094029061046156,8.874257351059239,7.00472159035949,1
8.06253467094903,7.70153975764815,6.655677016959479,5.000833903780525,8.844985552658024,1
7.365701070656798,8.62867948740902,4.540773756211848,6.475841009174566,8.474024714154911,1
6.1538820538949075,7.1469747302063436,6.41129334090869,5.841146876865639,4.899893915225486,1
5.079543401993658,7.462075809256153,8.49485576586917,7.568729678089186,7.880893620196265,1
8.308685992420218,6.412527148867314,6.300256931157703,8.845333263476181,6.691558219535128,1
7.975301766937991,7.403690411867661,7.960719692801236,6.10453856991839,7.12424885577715,1
6.851236204330926,6.485211586753884,6.714245341003283,3.4145434487958433,5.907742148545276,1
9.7699554940715,7.932357834784076,7.486085542332341,6.381668882463295,9.622205603681254,1
5.3948728505107715,6.445584495934549,5.278462915276499,8.37021059802611,8.560092729853864,1
4.711712243612892,7.56565059085328,7.127814174450852,7.80644485442482,5.890343254040549,1
5.962137895178134,6.956105779472533,2.513296043648915,7.642279371715865,4.998084089634651,0
6.931620975466753,8.689075376158252,6.719655762757022,6.5800100471882805,6.421491053533227,1
7.3650091739840375,6.922909414617271,4.55429013442729,5.081453895670321,7.6517539691369585,0
6.638145913215506,4.340451297689678,8.808991774820225,7.772941482436702,7.360308765919335,1
7.528083094771445,8.892882251070988,8.166111029146768,5.7485772849480625,8.879699237152366,1
5.122690863714333,5.641401548706072,7.700006472949122,10.0,8.184879583271279,1
9.16564690610989,6.019350492026771,9.28150934073907,7.8557608125317735,8.454353538629361,1
6.876773232411146,6.106508058934762,5.576625218762744,6.129027546169074,7.490283100915656,0
8.675943747382192,9.061657139756226,9.621044796873337,6.082922128917058,4.916051904683514,1
7.5140880195665565,3.796488679031956,8.398287346390577,6.8605836900796175,6.706452203279648,1
7.685129828730676,10.0,6.645167069171581,6.6407471169673755,8.590134609862998,1
7.8546509203483055,8.584085213599078,8.703430220774417,8.675250663294932,6.922715607213031,1
7.671562840025972,7.334858371193739,5.340559731382549,7.27962425461607,7.75463555293562,0
7.964084139801316,6.91765899907557,5.7632287577084895,5.902552391637208,6.5218775271308,1
8.993728795198647,7.428331112286485,6.087115415140449,9.835661027733675,5.455282227187232,1
7.294781754552205,7.781683642569008,6.206533437903977,7.073962497280334,6.814983903930834,1
8.063505636382768,7.967823378925086,5.415163535859621,8.153259513953346,7.463571164548981,1
6.86539645856916,7.833406699005173,8.834624600642988,6.087660238832861,6.0164684208078345,1
9.160175823174209,7.134371021882873,6.611718399445253,7.544673441616785,6.646433132714997,1
5.985411546911095,6.7039923695390105,7.528757452535319,7.466664986714793,5.590805137021026,1
9.701410649366224,6.773090074519732,6.1444729503794795,4.16552606185577,8.678867376346144,1
6.939763074033485,6.707637579470979,4.269095049177224,10.0,6.558316363617949,0
4.853837346822928,8.700655145300598,7.405086037587133,8.93596669138382,9.179133317689274,1
7.192156622366184,7.890335083421292,4.131617536870335,6.404207025781019,9.293121775811363,0
5.978422513787679,2.58941704800358,6.897048930871797,5.346595389316217,6.878431052917384,1
8.260965323483086,7.9838511647946415,4.947527441750784,7.521342420705328,5.487326901178975,1
6.021064031046413,7.292104292078163,9.980913998846212,7.1300465491215945,3.8711531833999944,1
6.33072485017783,6.971936865331154,8.367044083262083,7.533503422844844,4.791944390459813,0
4.165688903581703,6.417222320366672,7.1586306869072205,7.2873660942911345,4.93924776265201,0
6.321540521126385,8.68616907997902,8.895560016482003,7.759361483958889,9.067704441192257,1
3.364181010056565,8.421289693184287,5.730526033801397,9.17095854908771,7.173736880840419,1
4.624145764771415,5.840683498264586,7.815219068005139,7.852154807692969,7.584406786137982,1
8.140621984216446,7.610578430686803,7.2997156505780705,5.425516751635088,3.6693684865973113,1
8.178700237976248,5.542514898188071,7.396030122000505,9.043844279068677,5.203050356174107,1
7.6381863426774474,4.930572752816604,8.908530250160151,9.46092184523243,8.330619664669431,1
5.549535785306181,6.059924163115053,8.098738154169704,10.0,7.430161168573879,1
6.92843296578703,8.293590208574138,7.433085494237535,5.314758950140603,6.779192081971604,0
6.994596191364147,8.42968756806413,4.517668845657556,7.364323019725412,7.847263537900184,1
5.262452966211186,7.769628130145939,5.559930557080804,3.8768519452165187,9.453696709203722,1
9.255097452650727,8.087643680271995,6.815936599606414,7.829723734568813,6.668436304694424,1
8.316043435863508,7.774267430672437,7.1400585614149765,6.177699552749841,7.104054703987104,1
6.668553739255504,6.037777607165571,5.3046944129891145,9.88516869223743,7.288895378096957,1
7.040328758491796,7.647883817010911,10.0,5.838077544972127,10.0,1
7.312574211921329,8.200614287841523,9.27459108288036,4.466225443049107,3.8509656033714617,1
3.937397697363564,8.131436994720362,7.903177480588726,6.293104388946221,8.024834522183212,1
6.629233926219104,8.783370057211965,7.108055291925617,4.036768343174294,6.827796626861405,1
5.977023628003302,8.062455770801595,6.681686545148271,8.126649181760966,7.85015758927627,1
5.497569985157627,7.527172311312374,5.572122309966646,3.9023754306155194,6.013941169007913,0
6.578349560671068,8.605225357474641,7.1162207777782935,7.042686371774738,6.926552453712325,1
9.696529790274283,6.96021811112641,7.386628810214126,3.883282270215705,8.067115869198243,0
7.961264291900514,5.677188023158423,5.1373591367775635,6.519553293195037,10.0,1
6.143231515325805,6.755399554084354,7.501264625867346,9.465067233706801,8.212054284103107,1
7.858874172034238,5.882646032790326,6.7671114267628765,7.540971837153692,5.727901602954237,1
