project_id,industry,region,project_type,contract_type,is_union_site,project_size_usd,scope_complexity,close_time_days,prior_relationship_years,competition_count,discount_pct,pm_experience_years,safety_incidents,on_time_milestones_pct,customer_satisfaction,cost_overrun_pct,time_overrun_pct,payment_delay_days,n_change_orders,next12mo_spend,retained_12mo
10001,Food&Beverage,Midwest,NewBuild,GMP,0,1665000.0,3.7,43.0,3.5,1,0.8,0.5,1,80.5,4.0,0.0484256545341602,0.0601256545341602,24.0,5,589800.0,0
10002,Logistics,West,Retrofit,FixedBid,0,8942000.0,1.8,44.0,3.3,2,7.8,2.3,0,75.9,4.0,-0.0658580748746428,-0.0640980748746429,19.0,3,564100.0,1
10003,Food&Beverage,South,Expansion,GMP,1,2880000.0,2.6,109.0,3.8,1,6.8,5.9,0,89.8,3.8,-0.0081369364904972,-0.0071169364904972,38.0,3,659200.0,1
10004,Technology,Midwest,NewBuild,GMP,1,62310000.0,4.3,43.0,10.4,0,3.7,16.7,0,91.0,3.2,0.1078663383866289,0.1274663383866289,17.0,9,781300.0,1
10005,Manufacturing,West,Expansion,GMP,1,2261000.0,3.6,82.0,5.0,3,3.5,14.7,0,97.8,3.4,0.0298166723750561,0.0398366723750561,17.0,4,505900.0,1
10006,Pharma,Midwest,TenantImprovement,GMP,0,1971000.0,2.9,101.0,2.3,0,0.0,10.8,0,75.7,3.6,0.0716267883018856,0.0875067883018856,35.0,3,510900.0,1
10007,Food&Beverage,West,Retrofit,CostPlus,1,8106000.0,3.6,50.0,8.4,4,3.2,9.4,0,79.1,5.0,-0.0383154765291761,-0.0223754765291761,0.0,6,698900.0,1
10008,Food&Beverage,Midwest,Expansion,FixedBid,1,18319000.0,3.1,54.0,5.6,3,0.6,0.6,1,100.0,3.0,-0.0401984120266601,-0.0430984120266601,28.0,5,613000.0,0
10009,Manufacturing,South,NewBuild,GMP,0,5676000.0,3.2,87.0,2.4,6,4.6,8.6,1,84.0,3.6,0.0135273551196086,0.0287273551196086,11.0,2,581400.0,1
10010,Logistics,Midwest,TenantImprovement,CostPlus,0,8519000.0,3.9,108.0,7.6,6,4.4,5.8,0,86.4,4.0,0.018494347512624,0.027954347512624,43.0,6,600600.0,1
10011,Logistics,Midwest,Retrofit,CostPlus,0,1233000.0,2.5,127.0,1.1,3,5.7,4.7,0,83.9,3.7,-0.0327101558176934,-0.0298501558176934,35.0,5,614500.0,0
10012,Pharma,West,TenantImprovement,FixedBid,0,3135000.0,3.2,111.0,1.3,3,7.5,8.6,2,99.6,4.7,-0.0397042207969479,-0.0288642207969479,32.0,1,637000.0,0
10013,Technology,Northeast,Retrofit,CostPlus,0,2283000.0,2.9,93.0,0.7,4,3.9,6.1,1,100.0,3.7,0.0898056112896322,0.0914056112896322,0.0,4,574000.0,0
10014,Food&Beverage,Northeast,NewBuild,FixedBid,1,1183000.0,1.6,64.0,0.4,4,9.7,11.5,1,99.4,3.7,-0.0638986040443441,-0.0630386040443441,20.0,0,624900.0,1
10015,Logistics,Midwest,NewBuild,GMP,1,5918000.0,2.3,53.0,7.3,4,4.6,0.3,1,86.3,4.5,0.0935254685548877,0.0945454685548877,6.0,2,672400.0,0
10016,Healthcare,South,Expansion,FixedBid,0,896000.0,4.8,72.0,3.8,2,0.7,8.3,0,75.5,5.0,0.046592035564284,0.069592035564284,27.0,3,559000.0,1
10017,Energy,West,Retrofit,GMP,1,1871000.0,3.6,104.0,0.8,4,2.6,4.5,0,100.0,4.9,0.0588900251569831,0.0573900251569831,0.0,3,646800.0,1
10018,Manufacturing,West,NewBuild,GMP,1,3507000.0,1.9,102.0,3.3,4,3.1,6.4,0,96.3,3.8,-0.0003603249925422,-0.0062403249925422,0.0,3,566800.0,0
10019,Food&Beverage,Midwest,Expansion,CostPlus,0,2772000.0,1.7,17.0,6.1,3,5.5,9.2,1,80.5,3.9,-0.0908992318245596,-0.0804992318245596,45.0,2,657100.0,0
10020,Technology,Midwest,TenantImprovement,CostPlus,0,7401000.0,3.1,63.0,1.9,5,1.6,3.5,0,100.0,3.9,0.0252042045086742,0.0202042045086742,33.0,9,617200.0,0
10021,Food&Beverage,Northeast,Retrofit,FixedBid,0,6882000.0,4.8,132.0,2.6,5,3.3,8.7,1,79.6,4.0,0.1952833061126974,0.2212233061126974,27.0,4,571500.0,0
10022,Logistics,South,Retrofit,GMP,1,11018000.0,3.0,93.0,11.3,5,3.6,7.2,1,100.0,3.3,0.0254128577170249,0.0286128577170249,8.0,2,630900.0,0
10023,Pharma,West,NewBuild,GMP,1,9839000.0,4.5,40.0,2.8,4,2.9,5.4,0,100.0,4.6,0.1026893717691772,0.1065893717691772,8.0,4,749100.0,1
10024,Pharma,South,Expansion,FixedBid,1,13425000.0,3.6,172.0,0.9,2,6.0,,0,74.9,4.0,0.0604290291214529,0.0755890291214529,32.0,4,596800.0,1
10025,Food&Beverage,South,NewBuild,FixedBid,1,5381000.0,3.7,89.0,2.2,3,5.6,7.4,0,93.0,3.9,0.035093476085549,0.0411934760855491,20.0,5,588000.0,1
10026,Healthcare,Midwest,TenantImprovement,FixedBid,0,6871000.0,1.9,103.0,0.8,3,6.9,4.9,0,95.4,3.0,-0.0248464897592677,-0.0316864897592677,55.0,2,574500.0,1
10027,Logistics,West,Retrofit,CostPlus,0,8115000.0,4.1,104.0,5.3,3,3.2,8.0,0,100.0,3.9,0.063312089138491,0.067812089138491,24.0,5,697200.0,0
10028,Manufacturing,Midwest,Retrofit,GMP,1,6036000.0,2.9,77.0,1.6,3,7.0,6.9,0,77.1,2.6,0.0435297782532929,0.0546697782532929,28.0,4,579800.0,0
10029,Manufacturing,Northeast,NewBuild,GMP,0,3923000.0,4.1,65.0,1.6,5,0.6,5.6,0,,3.5,-0.0672514839935751,-0.0651514839935751,0.0,6,617200.0,0
10030,Technology,Midwest,NewBuild,FixedBid,0,4131000.0,2.4,164.0,11.9,1,0.5,14.4,1,86.2,3.5,-8.879776324816416e-05,0.0155912022367518,18.0,1,693600.0,0
10031,Food&Beverage,Northeast,Expansion,GMP,0,2802000.0,3.4,125.0,1.2,2,1.0,9.7,0,71.1,4.1,-0.0105854516523122,0.0094545483476878,28.0,6,720200.0,0
10032,Pharma,Northeast,Retrofit,FixedBid,0,7552000.0,3.6,119.0,1.0,2,4.0,6.5,0,84.6,5.0,-0.0159068790556195,-0.0061668790556195,17.0,2,624000.0,1
10033,Healthcare,Northeast,Retrofit,GMP,0,4999000.0,3.0,110.0,1.4,4,7.0,8.6,4,86.0,4.3,0.1421175065320001,0.1701175065320001,22.0,3,492600.0,0
10034,Logistics,Midwest,TenantImprovement,FixedBid,0,3171000.0,3.6,55.0,6.2,2,2.5,3.9,1,73.3,4.9,-0.0222202373644697,-0.0033002373644697,31.0,1,579900.0,0
10035,Logistics,South,TenantImprovement,CostPlus,0,3173000.0,2.9,135.0,4.8,0,2.8,6.3,1,89.7,4.4,-0.0919338342217001,-0.0839538342217001,51.0,1,670200.0,0
10036,Healthcare,Midwest,TenantImprovement,GMP,1,2047000.0,2.6,60.0,2.2,4,3.5,6.7,0,97.5,4.7,0.0370001357770098,0.0342001357770098,30.0,2,701300.0,0
10037,Manufacturing,Midwest,NewBuild,FixedBid,1,11794000.0,4.8,100.0,2.0,2,5.4,3.0,3,88.9,5.0,-0.0034275699587722,0.0212324300412277,48.0,7,569300.0,0
10038,Logistics,West,Retrofit,CostPlus,1,5740000.0,4.2,33.0,4.6,4,2.8,9.5,0,79.5,3.4,-0.1084560154570994,-0.0896560154570994,33.0,4,562400.0,0
10039,Healthcare,South,TenantImprovement,GMP,1,2703000.0,2.4,19.0,3.9,4,2.7,6.0,0,84.2,3.3,0.0395787382992975,0.0430587382992975,49.0,1,545100.0,1
10040,Technology,South,Retrofit,FixedBid,1,10292000.0,3.8,101.0,3.0,3,,6.6,0,85.9,4.4,0.0285105575393741,0.0385705575393741,14.0,4,686600.0,1
10041,Logistics,Midwest,NewBuild,FixedBid,0,3442000.0,2.5,62.0,4.9,0,2.6,5.7,0,88.6,3.9,0.0123903739158143,0.0134303739158143,21.0,1,691700.0,1
10042,Food&Beverage,West,Expansion,CostPlus,1,1749000.0,2.0,20.0,1.3,1,6.9,19.8,0,99.3,4.1,-0.0807699302345735,-0.0745499302345735,17.0,2,647500.0,0
10043,Technology,Midwest,Retrofit,FixedBid,1,12200000.0,4.2,109.0,1.7,2,4.2,5.3,1,89.3,3.7,-0.0512084292126313,-0.0374884292126313,34.0,4,562400.0,0
10044,Healthcare,Midwest,Retrofit,FixedBid,1,3507000.0,1.5,164.0,5.1,1,2.2,0.0,2,69.2,3.5,-0.0980051049532367,-0.0860251049532367,37.0,1,571600.0,0
10045,Food&Beverage,West,TenantImprovement,CostPlus,0,3886000.0,4.1,139.0,4.2,4,7.1,1.6,0,79.3,5.0,0.0123467770398101,0.0228667770398101,28.0,2,648100.0,1
10046,Food&Beverage,South,Expansion,GMP,0,5570000.0,2.9,81.0,3.4,6,2.5,11.0,0,88.0,3.1,-0.1030682000542629,-0.0943682000542629,38.0,5,615500.0,1
10047,Logistics,South,Retrofit,FixedBid,1,13444000.0,3.0,90.0,11.7,2,7.5,13.3,0,99.5,4.4,0.0081937034931957,0.0127937034931957,14.0,3,813500.0,0
10048,Healthcare,South,Retrofit,FixedBid,1,5477000.0,3.6,121.0,5.7,3,7.5,5.3,1,100.0,4.3,-0.0046720556624093,-0.0003720556624093,43.0,4,647900.0,1
10049,Technology,South,Retrofit,GMP,1,2065000.0,3.8,129.0,2.2,4,4.1,13.1,0,100.0,2.8,0.0238525233155713,0.0319525233155713,47.0,6,609200.0,1
10050,Manufacturing,Midwest,NewBuild,CostPlus,1,8328000.0,2.4,78.0,1.8,4,0.3,11.0,3,87.6,3.3,0.0268603689758501,0.0483003689758501,40.0,2,543000.0,1
10051,Healthcare,Midwest,Expansion,GMP,0,3656000.0,3.9,91.0,4.3,4,9.7,,1,95.2,3.4,0.0618759688097168,0.0724559688097168,31.0,6,595200.0,1
10052,Manufacturing,Midwest,Expansion,FixedBid,0,24406000.0,3.3,101.0,7.2,7,5.0,7.0,0,68.5,4.3,0.0369637769102299,0.0553637769102299,41.0,3,709100.0,1
10053,Food&Beverage,Northeast,NewBuild,GMP,1,5385000.0,1.9,109.0,0.6,0,3.2,8.7,2,91.2,3.6,-0.0357730413545471,-0.0262930413545471,6.0,1,490700.0,0
10054,Technology,West,NewBuild,CostPlus,1,902000.0,3.0,85.0,4.1,3,6.4,11.5,0,73.1,3.8,0.0013778486643681,0.0200178486643681,29.0,2,552300.0,1
10055,Technology,Midwest,TenantImprovement,FixedBid,0,7173000.0,4.6,86.0,2.6,6,5.8,9.6,0,,2.9,0.0549205689894122,0.0724005689894122,34.0,2,562600.0,1
10056,Food&Beverage,South,NewBuild,GMP,0,25538000.0,4.9,138.0,3.8,1,7.3,5.3,2,100.0,5.0,-0.0682999999999999,-0.0524999999999999,0.0,4,623900.0,1
10057,Logistics,West,Retrofit,CostPlus,0,19015000.0,3.9,132.0,0.9,4,2.3,,0,89.6,3.9,0.0649568022101643,0.0739968022101643,38.0,5,613500.0,1
10058,Energy,West,Retrofit,FixedBid,0,23319000.0,2.0,107.0,7.2,1,4.8,15.9,1,75.6,4.2,-0.0204040462645824,0.0011359537354175,0.0,6,765600.0,1
10059,Manufacturing,Midwest,Expansion,FixedBid,1,2384000.0,3.7,150.0,8.5,3,1.0,9.0,0,90.9,3.5,0.0514834205670499,0.0604434205670499,19.0,5,581900.0,0
10060,Manufacturing,Midwest,NewBuild,CostPlus,0,11181000.0,4.1,76.0,5.3,5,,11.5,2,79.8,3.4,-0.0385790516813084,-0.0084590516813083,25.0,2,645300.0,1
10061,Technology,West,Expansion,FixedBid,1,3025000.0,3.9,147.0,9.7,1,3.9,10.2,1,74.5,5.0,0.0096958777386324,0.0356958777386324,11.0,6,545300.0,1
10062,Logistics,South,Retrofit,FixedBid,0,6449000.0,4.0,109.0,2.5,3,4.7,9.1,1,100.0,2.6,-0.0405070619595906,-0.0304070619595906,25.0,5,558700.0,0
10063,Energy,West,Expansion,FixedBid,1,1947000.0,3.6,204.0,4.0,2,3.6,8.4,1,98.8,4.1,0.0767220963349012,0.0848420963349012,30.0,3,608900.0,1
10064,Food&Beverage,West,NewBuild,FixedBid,0,3219000.0,3.1,48.0,5.4,3,3.4,11.6,0,90.1,3.1,-0.1069581579447945,-0.0979181579447945,4.0,7,648200.0,1
10065,Technology,West,Retrofit,FixedBid,1,3138000.0,2.6,66.0,4.4,3,1.8,10.9,1,81.3,3.6,-0.0729058347345624,-0.0567858347345624,33.0,4,625600.0,1
10066,Energy,Northeast,Retrofit,CostPlus,1,11060000.0,1.3,105.0,2.8,3,6.0,9.1,0,82.3,3.5,-0.0226980110209613,-0.0204780110209613,9.0,4,667300.0,0
10067,Energy,South,NewBuild,FixedBid,1,10227000.0,3.5,104.0,3.0,0,7.7,5.2,0,100.0,3.2,-0.0342562172594073,-0.0355562172594073,69.0,4,604100.0,1
10068,Healthcare,Northeast,NewBuild,FixedBid,1,6726000.0,3.4,158.0,8.0,1,2.6,9.5,2,89.7,3.9,-0.0324873459752341,-0.0138073459752341,22.0,2,597700.0,0
10069,Manufacturing,South,NewBuild,CostPlus,1,1830000.0,3.8,67.0,3.3,3,5.4,7.7,1,49.0,2.1,0.0947703600678128,0.1330703600678128,6.0,4,531000.0,0
10070,Logistics,West,Retrofit,FixedBid,1,4200000.0,1.9,122.0,7.0,2,5.1,6.8,0,100.0,3.7,0.0265398229614307,0.0188398229614307,6.0,1,650600.0,1
10071,Healthcare,South,NewBuild,CostPlus,0,2967000.0,3.8,131.0,3.2,4,4.0,18.7,1,88.2,3.8,0.0708449834778699,0.0966249834778699,52.0,4,509700.0,0
10072,Logistics,Midwest,TenantImprovement,FixedBid,0,10807000.0,5.0,115.0,6.9,4,0.2,1.8,1,90.1,2.9,0.1326096771758205,0.1463496771758205,23.0,3,549900.0,0
10073,Food&Beverage,Northeast,Retrofit,FixedBid,0,13833000.0,3.3,56.0,3.6,4,0.7,11.8,0,99.0,5.0,-0.0190105495256639,-0.0141105495256639,0.0,5,639800.0,0
10074,Healthcare,West,Expansion,FixedBid,0,12548000.0,3.1,139.0,5.1,2,2.0,4.5,1,91.6,3.5,-0.000821508224563,0.0052184917754369,42.0,7,651500.0,1
10075,Manufacturing,Northeast,TenantImprovement,CostPlus,1,2946000.0,3.5,133.0,2.0,2,0.0,8.5,0,95.0,3.7,-0.0388656894973521,-0.0338656894973521,15.0,4,620000.0,1
10076,Healthcare,Northeast,NewBuild,FixedBid,0,602000.0,5.0,111.0,4.0,3,7.5,18.3,0,80.9,3.5,0.0534410417401184,0.0842010417401184,41.0,5,595800.0,1
10077,Healthcare,Midwest,Expansion,GMP,0,1311000.0,2.2,97.0,2.0,2,4.9,4.2,0,71.2,3.8,-0.0651528829128093,-0.0566728829128093,41.0,3,542100.0,0
10078,Technology,Northeast,TenantImprovement,FixedBid,1,16807000.0,3.4,98.0,2.5,6,3.9,5.1,0,89.4,4.8,-0.0234146344148884,-0.0189546344148884,30.0,3,675900.0,0
10079,Energy,Midwest,Expansion,CostPlus,0,3910000.0,2.4,87.0,2.6,4,0.0,7.9,1,100.0,5.0,0.0310930303788029,0.0319930303788029,74.0,1,677100.0,1
10080,Food&Beverage,South,Retrofit,CostPlus,0,2956000.0,2.7,112.0,2.9,6,0.0,4.6,1,78.2,4.4,0.0843177471860066,0.0964977471860066,0.0,2,570900.0,1
10081,Technology,Midwest,Retrofit,FixedBid,1,20058000.0,3.2,91.0,6.4,2,4.0,11.5,0,77.3,4.7,0.0223782177989066,0.0394982177989066,10.0,6,715600.0,0
10082,Logistics,Northeast,NewBuild,CostPlus,1,14829000.0,4.5,60.0,2.4,5,8.9,5.9,0,100.0,5.0,0.1647021105669797,0.1691021105669797,27.0,3,625800.0,1
10083,Food&Beverage,Northeast,Retrofit,FixedBid,1,5496000.0,5.0,53.0,3.7,4,2.3,10.6,2,80.5,4.1,0.0300139099577076,0.0633139099577076,72.0,5,544500.0,0
10084,Manufacturing,Midwest,TenantImprovement,FixedBid,1,4262000.0,3.6,64.0,7.0,1,6.2,2.7,0,81.1,5.0,-0.1133582247446481,-0.1053182247446481,56.0,3,645000.0,0
10085,Manufacturing,Northeast,TenantImprovement,FixedBid,1,4849000.0,2.8,98.0,5.0,0,2.8,0.8,2,81.5,4.5,0.0732239522712688,0.0851239522712688,54.0,3,525100.0,1
10086,Manufacturing,South,NewBuild,GMP,1,6464000.0,5.0,89.0,0.7,1,4.1,7.1,0,85.2,4.0,-0.0011283486852711,0.0158516513147288,9.0,2,646100.0,1
10087,Technology,Northeast,Expansion,GMP,0,19386000.0,2.8,98.0,0.9,2,7.0,1.7,1,67.1,4.1,-0.0118584569242754,0.0045815430757245,11.0,4,562700.0,1
10088,Logistics,Midwest,NewBuild,FixedBid,1,7557000.0,2.6,108.0,4.4,2,3.1,14.1,1,79.5,2.6,-0.1349857557084786,-0.1145857557084786,3.0,0,590400.0,0
10089,Manufacturing,Midwest,TenantImprovement,CostPlus,0,9634000.0,1.4,68.0,2.3,0,2.3,1.9,1,88.8,4.1,-0.0978447173142078,-0.1012247173142078,5.0,0,666600.0,1
10090,Energy,Midwest,NewBuild,GMP,0,13734000.0,4.6,141.0,0.8,3,7.5,3.8,1,88.7,2.8,-0.0459559191605465,-0.0313759191605465,53.0,3,596900.0,1
10091,Manufacturing,Northeast,TenantImprovement,FixedBid,1,2114000.0,4.2,81.0,2.2,3,4.1,9.7,0,99.9,2.8,-0.0041012284394212,0.0026587715605787,20.0,4,619200.0,1
10092,Technology,Northeast,Expansion,GMP,1,9859000.0,5.0,75.0,4.5,3,6.7,5.7,1,100.0,4.0,0.0416813954281934,0.0533813954281935,25.0,4,624500.0,1
10093,Logistics,West,NewBuild,CostPlus,0,4258000.0,1.8,107.0,2.6,0,2.3,1.9,0,100.0,3.1,-0.0316027711916253,-0.0447027711916253,39.0,1,595400.0,0
10094,Logistics,Northeast,NewBuild,GMP,1,720000.0,4.7,26.0,3.5,1,7.5,16.2,1,97.0,3.9,0.1365806075048622,0.1590806075048622,0.0,3,562800.0,1
10095,Healthcare,South,Expansion,GMP,1,982000.0,3.3,62.0,2.8,4,4.7,4.0,1,84.2,4.0,0.0673834385428473,0.0783634385428473,29.0,5,462600.0,0
10096,Technology,Midwest,NewBuild,FixedBid,1,2387000.0,4.0,124.0,1.9,1,5.1,7.2,2,78.5,4.0,-0.0607518745347336,-0.0346518745347336,1.0,2,476400.0,0
10097,Logistics,Midwest,Retrofit,FixedBid,0,8244000.0,1.6,29.0,4.0,4,4.3,7.2,0,86.2,3.3,-0.0066389195071,-0.0071589195071,19.0,1,549500.0,0
10098,Manufacturing,Midwest,TenantImprovement,CostPlus,1,5903000.0,4.7,129.0,0.7,3,2.7,10.8,1,93.0,4.5,0.0630228288209021,0.0825228288209022,16.0,6,540800.0,1
10099,Manufacturing,West,Retrofit,FixedBid,0,6246000.0,4.0,143.0,1.7,3,4.0,9.8,0,95.9,3.8,0.0133521497574731,0.0216121497574731,13.0,8,639900.0,0
10100,Pharma,West,Retrofit,FixedBid,1,25668000.0,3.2,77.0,5.7,1,2.9,4.7,1,93.5,4.2,0.0147110329043942,0.0203110329043942,30.0,3,613500.0,0
10101,Pharma,Midwest,Retrofit,GMP,0,1953000.0,3.8,100.0,0.9,0,6.4,6.7,0,84.5,3.1,0.0316186699660378,0.0426186699660378,31.0,4,540500.0,1
10102,Technology,Midwest,NewBuild,FixedBid,1,5273000.0,2.4,129.0,3.4,6,3.5,7.1,1,95.4,3.8,-0.0585320753709495,-0.0556720753709495,18.0,3,687900.0,0
10103,Healthcare,Midwest,TenantImprovement,CostPlus,0,6876000.0,2.6,74.0,2.4,5,0.3,11.0,0,100.0,4.7,-0.0357645600267248,-0.0357645600267248,31.0,1,648900.0,0
10104,Pharma,Midwest,NewBuild,GMP,0,2991000.0,2.7,120.0,2.3,3,0.0,3.3,0,96.6,4.6,0.0705757386724283,0.0654157386724283,11.0,1,694100.0,1
10105,Food&Beverage,South,NewBuild,FixedBid,0,5513000.0,1.3,67.0,6.0,4,0.0,16.1,0,85.6,3.3,-0.1163734049097873,-0.1091334049097873,34.0,4,578800.0,0
10106,Technology,Midwest,NewBuild,CostPlus,1,1499000.0,4.1,73.0,6.8,3,5.5,5.0,2,76.0,3.5,-0.0140921583322566,0.0118078416677433,21.0,2,539400.0,0
10107,Logistics,Midwest,TenantImprovement,GMP,0,16650000.0,4.4,62.0,1.4,2,1.1,8.0,0,75.7,3.2,0.0296804856488304,0.0502604856488304,17.0,2,556100.0,0
10108,Healthcare,West,NewBuild,CostPlus,1,3124000.0,2.5,102.0,3.0,1,4.8,3.4,0,77.8,3.4,-0.0975396519729443,-0.0923196519729443,5.0,4,570000.0,0
10109,Manufacturing,Northeast,TenantImprovement,FixedBid,0,27374000.0,3.5,131.0,0.5,5,4.3,2.8,0,89.1,2.9,-0.1083948185018037,-0.1055548185018037,15.0,3,671700.0,0
10110,Pharma,Midwest,Expansion,FixedBid,0,5251000.0,2.9,84.0,5.8,5,,,1,92.2,3.8,-0.0166127023952371,-0.0119327023952371,62.0,4,514800.0,0
10111,Logistics,South,Expansion,GMP,1,12267000.0,3.5,46.0,3.2,2,5.1,4.1,0,69.0,4.3,0.1123035319194746,0.1285035319194746,29.0,4,647700.0,1
10112,Healthcare,Northeast,TenantImprovement,FixedBid,1,5165000.0,2.6,52.0,0.9,2,,6.3,2,80.0,3.4,0.0089977132886174,0.0262977132886174,3.0,1,557200.0,0
10113,Healthcare,Northeast,TenantImprovement,CostPlus,0,5259000.0,2.3,104.0,1.8,2,0.0,4.1,1,88.9,3.8,0.0024003966113749,0.0056603966113749,44.0,4,556900.0,0
10114,Energy,Northeast,TenantImprovement,FixedBid,0,3378000.0,4.3,155.0,1.3,3,3.2,10.8,0,75.2,3.7,-0.1209103850705787,-0.0977303850705787,10.0,4,508500.0,1
10115,Manufacturing,West,NewBuild,FixedBid,0,5929000.0,3.1,104.0,1.7,2,5.1,4.9,0,91.2,4.6,0.0287687844708662,0.0304487844708663,32.0,3,643300.0,1
10116,Food&Beverage,Northeast,Expansion,GMP,1,6951000.0,5.0,76.0,0.6,3,8.1,4.4,2,82.3,3.5,0.0921356102916854,0.1181556102916854,17.0,4,508500.0,0
10117,Food&Beverage,Northeast,Retrofit,CostPlus,1,2878000.0,3.2,117.0,8.0,7,8.2,,1,77.3,3.5,-0.0319440379627548,-0.0149240379627548,49.0,3,596100.0,1
10118,Technology,Northeast,Retrofit,GMP,0,4877000.0,2.3,82.0,1.4,3,0.6,12.0,0,86.6,3.3,-0.0203964670018338,-0.0128564670018338,12.0,1,607100.0,1
10119,Logistics,Northeast,TenantImprovement,FixedBid,1,3308000.0,4.4,77.0,3.4,2,3.1,8.9,0,90.7,3.1,0.0450085132010572,0.0574885132010572,55.0,1,701700.0,0
10120,Technology,South,TenantImprovement,CostPlus,0,33927000.0,3.8,56.0,4.5,0,0.1,7.6,0,75.8,4.3,-0.0577641549850555,-0.0406441549850554,2.0,1,681700.0,1
10121,Energy,Midwest,Expansion,GMP,0,5016000.0,3.9,139.0,6.8,5,7.8,2.3,3,83.1,3.8,0.0929297608745936,0.1158697608745936,24.0,4,501600.0,1
10122,Technology,South,Retrofit,FixedBid,1,18554000.0,4.4,10.0,3.4,3,6.5,3.4,0,91.6,3.9,0.1223994795769008,0.1288394795769008,59.0,4,652200.0,0
10123,Manufacturing,South,Retrofit,FixedBid,1,4609000.0,2.5,118.0,2.7,4,4.9,2.9,1,76.9,4.8,-0.0188559032831461,-0.0085959032831461,28.0,3,611600.0,0
10124,Logistics,West,Retrofit,GMP,0,6632000.0,3.1,74.0,3.5,1,4.4,13.2,0,66.1,4.8,-0.0709315941705975,-0.0458915941705975,68.0,3,725100.0,0
10125,Manufacturing,Northeast,Retrofit,FixedBid,1,1873000.0,3.0,76.0,1.4,1,7.5,10.1,1,67.6,2.7,-0.0075306048861209,0.018009395113879,20.0,4,556400.0,0
10126,Energy,West,Retrofit,CostPlus,0,3769000.0,1.9,149.0,1.5,4,7.0,4.6,1,81.0,4.4,0.03722292365451,0.04372292365451,32.0,3,599700.0,0
10127,Healthcare,South,NewBuild,GMP,1,6378000.0,2.9,65.0,2.7,4,6.9,5.7,0,70.2,4.1,-0.094542318750809,-0.080462318750809,59.0,2,697800.0,0
10128,Manufacturing,Northeast,NewBuild,FixedBid,0,19169000.0,4.5,66.0,0.4,4,5.1,4.7,0,,3.6,0.0807990781148926,0.0949190781148926,0.0,2,550600.0,1
10129,Manufacturing,South,Expansion,FixedBid,0,6437000.0,3.4,85.0,2.0,6,3.1,4.5,0,100.0,4.1,-0.0399610120964336,-0.0424610120964336,0.0,3,602300.0,1
10130,Energy,West,Retrofit,FixedBid,0,16305000.0,1.9,104.0,2.3,4,5.9,9.8,0,69.5,2.7,-0.0258555843034183,-0.0122555843034183,8.0,3,537000.0,0
10131,Manufacturing,Midwest,TenantImprovement,FixedBid,1,8999000.0,1.6,75.0,10.6,4,6.0,6.8,0,82.6,4.9,-0.0883031892531894,-0.0870631892531894,37.0,6,678800.0,1
10132,Pharma,West,Expansion,FixedBid,1,19814000.0,4.9,35.0,7.4,3,3.5,16.3,1,100.0,4.3,0.0160088131442907,0.0378088131442907,0.0,4,601500.0,1
10133,Energy,Midwest,NewBuild,CostPlus,0,5141000.0,3.1,60.0,4.5,1,3.1,13.0,0,90.9,3.3,0.0966166441364533,0.1065766441364533,41.0,2,665800.0,0
10134,Healthcare,South,NewBuild,FixedBid,1,36476000.0,2.6,135.0,5.9,6,6.8,13.2,0,81.6,3.5,-0.1238360613373444,-0.1105960613373444,30.0,3,650700.0,1
10135,Energy,West,NewBuild,CostPlus,1,3655000.0,2.9,93.0,1.5,4,8.2,10.7,1,84.1,2.7,0.0352756324281881,0.0510156324281881,67.0,3,459900.0,1
10136,Manufacturing,Midwest,TenantImprovement,FixedBid,0,2919000.0,1.7,106.0,3.6,3,2.1,6.3,0,91.2,3.7,0.07589270876449,0.07197270876449,49.0,0,558100.0,0
10137,Pharma,West,NewBuild,FixedBid,1,2047000.0,4.6,81.0,5.4,4,3.3,10.4,0,100.0,3.6,0.0855865348530975,0.0949865348530975,36.0,4,636000.0,0
10138,Logistics,Midwest,Retrofit,FixedBid,1,34789000.0,2.8,67.0,1.5,5,4.9,6.6,0,79.6,3.0,-0.1057767913327427,-0.0969367913327427,48.0,1,672500.0,1
10139,Food&Beverage,West,TenantImprovement,GMP,0,10382000.0,4.6,149.0,0.9,2,5.2,14.5,1,76.9,4.4,-0.0412106356240784,-0.0088506356240784,34.0,3,734700.0,0
10140,Manufacturing,South,TenantImprovement,CostPlus,0,4126000.0,3.3,83.0,4.2,3,,9.6,0,69.5,4.8,-0.0532137763652481,-0.0328137763652481,14.0,4,843000.0,0
10141,Logistics,Northeast,NewBuild,FixedBid,0,14639000.0,4.6,74.0,1.0,4,8.7,9.0,1,87.2,3.9,0.0650535538063912,0.0857335538063912,5.0,1,629500.0,0
10142,Energy,Midwest,NewBuild,GMP,1,9343000.0,3.5,128.0,4.8,0,5.1,8.5,1,69.1,3.7,0.0373159885862336,0.0628559885862336,16.0,3,541100.0,0
10143,Pharma,Midwest,NewBuild,CostPlus,1,25982000.0,4.1,65.0,6.8,2,5.3,15.0,1,80.4,4.2,-0.0560187588009785,-0.0277587588009785,22.0,6,530700.0,1
10144,Energy,Northeast,NewBuild,FixedBid,0,1562000.0,3.9,69.0,1.5,5,8.4,2.3,0,75.1,3.9,-0.0363930220912876,-0.0236530220912876,27.0,4,576700.0,1
10145,Logistics,Northeast,NewBuild,GMP,0,4359000.0,3.8,90.0,1.6,3,2.9,15.4,0,98.9,3.1,-0.0482037740886014,-0.0371437740886014,0.0,1,567000.0,0
10146,Healthcare,Midwest,Retrofit,FixedBid,0,3723000.0,3.5,90.0,6.6,8,3.8,7.3,1,79.9,3.4,0.0100477234319574,0.0279077234319575,21.0,2,565100.0,1
10147,Healthcare,Northeast,TenantImprovement,FixedBid,0,1111000.0,3.0,99.0,3.5,2,0.9,2.4,2,90.8,3.7,0.1665286820103752,0.1754486820103752,33.0,1,515100.0,0
10148,Energy,Northeast,Retrofit,CostPlus,0,12588000.0,5.0,163.0,6.1,5,3.6,5.0,0,66.8,4.1,-0.0103230945936413,0.0155969054063586,36.0,6,624900.0,0
10149,Logistics,South,Expansion,FixedBid,0,4341000.0,2.3,102.0,2.8,2,0.3,1.4,0,87.6,3.9,-0.0907870483195051,-0.0944470483195051,53.0,5,688500.0,1
10150,Manufacturing,South,NewBuild,FixedBid,1,9740000.0,3.2,10.0,2.9,1,5.9,10.6,2,71.6,4.0,-0.0539198206600691,-0.024279820660069,27.0,2,583700.0,0
10151,Food&Beverage,South,Expansion,GMP,0,35599000.0,3.2,101.0,3.4,2,5.0,3.8,0,80.9,2.8,0.0466881199869562,0.0539481199869562,9.0,2,623700.0,1
10152,Pharma,Midwest,Expansion,FixedBid,1,4063000.0,3.6,91.0,9.3,3,3.3,8.7,1,100.0,4.4,0.0214060882551428,0.0291060882551428,0.0,4,602500.0,0
10153,Manufacturing,West,TenantImprovement,GMP,0,3848000.0,2.8,92.0,5.7,0,3.7,12.5,0,97.2,3.9,-0.0812358583718971,-0.0770558583718971,35.0,3,558000.0,1
10154,Energy,South,TenantImprovement,GMP,0,5926000.0,3.5,99.0,1.9,5,5.9,5.3,0,84.5,5.0,-0.0156956908644832,-0.0075956908644832,7.0,2,613300.0,1
10155,Manufacturing,Northeast,Retrofit,CostPlus,1,11873000.0,3.0,89.0,3.8,2,1.2,6.9,0,100.0,3.6,-0.0623057210670391,-0.0644057210670391,40.0,4,652800.0,0
10156,Technology,Northeast,NewBuild,GMP,1,3425000.0,1.6,88.0,2.6,2,4.5,2.8,2,75.0,4.1,0.0059123896832471,0.0177123896832471,53.0,1,660000.0,0
10157,Healthcare,South,NewBuild,GMP,1,3253000.0,3.2,111.0,2.3,1,5.7,6.4,0,100.0,5.0,0.1875063624757435,0.1859063624757435,3.0,2,657500.0,0
10158,Technology,Northeast,Retrofit,GMP,1,12557000.0,2.1,71.0,4.7,5,0.0,18.3,1,67.6,4.0,0.0082605083984565,0.0375005083984565,37.0,4,667300.0,0
10159,Technology,South,TenantImprovement,FixedBid,0,7297000.0,1.5,57.0,4.1,4,5.7,11.1,0,83.1,3.9,-0.0626091960575154,-0.0578691960575154,48.0,3,600100.0,0
10160,Food&Beverage,West,Retrofit,FixedBid,0,1050000.0,3.3,196.0,1.5,1,0.0,6.9,0,69.8,3.2,-0.0444482841241566,-0.0269282841241566,44.0,4,484900.0,0
10161,Manufacturing,Northeast,Expansion,CostPlus,1,2022000.0,3.7,65.0,3.4,2,3.7,5.6,2,89.1,5.0,-0.0486380057319394,-0.0319980057319394,0.0,3,537200.0,0
10162,Pharma,Northeast,Retrofit,CostPlus,1,17912000.0,3.7,94.0,2.2,5,1.1,7.8,0,86.7,3.1,0.0645582811982125,0.0748382811982125,11.0,5,569800.0,0
10163,Healthcare,West,NewBuild,FixedBid,1,7434000.0,3.8,38.0,4.5,7,7.6,8.5,1,82.3,4.2,0.0780547924856424,0.0971747924856424,3.0,3,746800.0,1
10164,Manufacturing,South,NewBuild,CostPlus,1,2929000.0,1.3,94.0,2.1,6,1.1,6.3,1,99.1,3.6,-0.0749270697683564,-0.0805870697683564,32.0,1,541600.0,1
10165,Energy,Northeast,Expansion,FixedBid,0,4703000.0,1.8,57.0,2.9,5,0.0,10.1,0,79.2,3.8,0.0388333788059833,0.0464133788059832,35.0,2,662400.0,0
10166,Logistics,West,Expansion,GMP,0,5447000.0,5.0,75.0,2.3,1,4.3,4.2,0,89.9,2.9,0.0572774857219559,0.0685374857219559,0.0,4,544700.0,0
10167,Food&Beverage,West,Retrofit,FixedBid,0,9709000.0,2.2,127.0,0.7,4,3.0,4.2,0,95.8,4.8,0.0260332514776594,0.0197532514776594,20.0,2,721300.0,1
10168,Food&Beverage,South,NewBuild,FixedBid,1,1818000.0,3.8,107.0,9.0,6,0.2,9.5,0,68.2,3.7,0.0352337901423107,0.0588137901423108,43.0,4,628700.0,1
10169,Healthcare,South,Expansion,FixedBid,1,2750000.0,2.5,110.0,3.4,4,5.3,3.3,1,77.0,3.0,-0.0156995115914346,-0.0050995115914346,27.0,1,542700.0,0
10170,Pharma,Midwest,NewBuild,FixedBid,0,6705000.0,3.3,28.0,9.2,8,0.0,,1,86.6,4.8,-0.0537419227915241,-0.037301922791524,26.0,5,666000.0,1
10171,Healthcare,Northeast,TenantImprovement,FixedBid,1,4976000.0,2.6,154.0,3.5,4,1.4,7.9,0,93.6,3.5,-0.0300875614653869,-0.0293475614653869,16.0,2,586100.0,0
10172,Energy,South,NewBuild,FixedBid,1,8516000.0,3.8,48.0,5.3,3,2.6,0.7,0,100.0,4.1,0.0822435468226392,0.0779435468226393,7.0,3,700400.0,1
10173,Healthcare,Midwest,NewBuild,FixedBid,0,2016000.0,3.3,143.0,2.0,2,6.0,8.4,0,83.4,4.5,-0.0349694578329598,-0.0241094578329598,23.0,5,576100.0,0
10174,Pharma,South,Retrofit,FixedBid,0,7172000.0,2.8,126.0,2.0,3,7.2,1.3,0,82.2,4.2,0.0234818976922224,0.0254618976922224,27.0,4,544800.0,1
10175,Manufacturing,West,Retrofit,FixedBid,1,12907000.0,2.1,110.0,3.2,3,6.8,10.8,2,75.5,2.4,-0.0835915117416802,-0.0615915117416802,34.0,2,478300.0,1
10176,Manufacturing,Northeast,Retrofit,FixedBid,1,7956000.0,3.5,60.0,9.1,2,3.6,,1,90.0,4.4,0.077604083529125,0.089104083529125,43.0,7,665900.0,0
10177,Logistics,South,Retrofit,FixedBid,0,6024000.0,2.0,95.0,1.6,6,0.0,15.4,0,82.4,3.8,-0.0234941064457026,-0.0115341064457026,26.0,1,719700.0,0
10178,Pharma,Midwest,TenantImprovement,FixedBid,0,4992000.0,3.6,74.0,0.5,4,5.0,12.3,1,82.7,3.7,-0.063447753118555,-0.041767753118555,44.0,7,568400.0,1
10179,Pharma,West,Retrofit,FixedBid,0,2764000.0,5.0,91.0,6.5,0,7.7,3.8,0,84.9,3.8,0.0405189833534871,0.0543789833534871,20.0,4,618600.0,1
10180,Food&Beverage,Midwest,Retrofit,FixedBid,1,5088000.0,4.6,81.0,5.5,1,7.1,0.0,2,92.6,2.8,0.1432008636522858,0.1566408636522858,3.0,2,580600.0,0
10181,Pharma,South,Retrofit,FixedBid,0,14765000.0,3.9,19.0,2.4,6,5.2,5.0,0,79.2,4.0,-0.0661322778457257,-0.0531522778457256,32.0,4,714100.0,0
10182,Pharma,South,NewBuild,GMP,1,4900000.0,3.1,129.0,11.4,8,1.0,3.1,1,76.7,2.9,-0.0600665167037454,-0.0464865167037454,25.0,4,622500.0,0
10183,Energy,Midwest,Retrofit,GMP,0,2645000.0,1.3,87.0,11.7,1,2.7,15.3,2,91.2,3.7,-0.0411647868350545,-0.0280847868350545,33.0,4,603000.0,0
10184,Healthcare,South,NewBuild,GMP,0,3635000.0,1.9,73.0,0.6,1,8.8,8.0,1,49.7,4.0,0.1233331511302536,0.1520131511302536,6.0,1,597300.0,0
10185,Food&Beverage,South,Expansion,CostPlus,0,6329000.0,4.5,70.0,2.0,1,0.5,11.7,1,78.8,4.7,0.0012195341172351,0.0291395341172351,61.0,5,632800.0,0
10186,Technology,South,NewBuild,CostPlus,1,3998000.0,2.4,103.0,3.2,4,1.1,6.9,0,72.2,3.3,0.0097691799709846,0.0213491799709846,40.0,6,669000.0,0
10187,Logistics,South,TenantImprovement,FixedBid,0,7947000.0,2.5,59.0,4.4,0,6.4,7.3,0,100.0,4.9,-0.0040905214679054,-0.0082905214679054,19.0,1,712600.0,1
10188,Manufacturing,West,Retrofit,GMP,1,8189000.0,3.0,11.0,4.0,5,2.9,,1,80.7,4.6,-0.034166393018588,-0.018686393018588,5.0,3,552900.0,1
10189,Food&Beverage,Midwest,TenantImprovement,GMP,0,10976000.0,2.1,104.0,3.4,3,1.0,12.4,1,79.3,3.6,-0.0131206653750587,0.0031993346249412,46.0,0,532300.0,0
10190,Healthcare,South,Retrofit,GMP,1,16833000.0,2.0,108.0,1.4,1,7.8,9.2,0,85.4,3.1,-0.0705484263466468,-0.0665884263466468,-0.0,1,731800.0,0
10191,Pharma,Northeast,NewBuild,GMP,0,11955000.0,3.1,83.0,4.8,1,5.2,3.8,0,78.9,2.9,-0.0258463353081558,-0.0178863353081558,69.0,2,733200.0,0
10192,Healthcare,West,Expansion,FixedBid,0,2553000.0,2.3,50.0,5.0,1,3.0,14.5,1,81.2,4.1,-0.1367890331941193,-0.1185090331941193,7.0,5,594600.0,1
10193,Manufacturing,South,Expansion,GMP,1,2616000.0,2.5,93.0,6.2,2,1.1,6.8,1,87.2,3.4,-0.0085105364406425,-0.0005305364406425,59.0,2,571700.0,1
10194,Food&Beverage,Midwest,Expansion,GMP,1,5073000.0,2.4,39.0,1.2,4,9.1,6.2,0,80.9,4.7,0.0387365454635785,0.0443965454635785,23.0,5,700100.0,0
10195,Manufacturing,Northeast,Retrofit,FixedBid,1,3757000.0,3.7,54.0,2.8,4,3.9,0.0,1,80.8,3.4,0.0400198042345779,0.051039804234578,59.0,5,495600.0,1
10196,Manufacturing,West,Expansion,GMP,0,2168000.0,3.0,64.0,2.3,3,7.5,,0,73.9,3.3,0.0658355432575701,0.0829955432575701,14.0,4,512400.0,0
10197,Energy,Midwest,TenantImprovement,FixedBid,1,3785000.0,3.0,120.0,1.2,2,6.2,8.4,1,72.2,4.1,0.0472229212161512,0.0683029212161512,28.0,1,602900.0,1
10198,Pharma,South,Expansion,GMP,0,3687000.0,3.8,77.0,2.8,2,2.7,8.4,3,86.7,3.4,0.0564321085568845,0.0828121085568845,44.0,3,510500.0,0
10199,Healthcare,Northeast,Retrofit,GMP,1,3149000.0,3.1,74.0,1.5,2,2.7,6.4,0,89.7,3.9,-0.0473547887104773,-0.0432747887104773,36.0,3,604100.0,0
10200,Healthcare,West,Expansion,FixedBid,1,4186000.0,2.9,158.0,1.0,0,7.6,5.7,1,68.9,4.6,-0.0277384600752982,-0.0078784600752982,46.0,1,567600.0,1
10201,Food&Beverage,Northeast,Expansion,CostPlus,1,13836000.0,3.7,102.0,5.5,1,7.7,6.5,2,95.1,4.0,-0.0584357331755984,-0.0444957331755984,13.0,4,644600.0,1
10202,Pharma,Northeast,TenantImprovement,FixedBid,1,6321000.0,3.9,102.0,2.4,6,0.0,9.9,0,95.2,4.0,-0.0015955223068828,0.0066844776931171,27.0,4,724600.0,0
10203,Energy,West,Retrofit,GMP,1,38937000.0,3.1,77.0,1.9,2,5.4,10.6,1,97.7,4.0,0.0176199130994907,0.0260999130994907,51.0,4,647900.0,0
10204,Manufacturing,West,Retrofit,GMP,1,6177000.0,3.3,69.0,7.2,4,3.7,7.1,0,89.6,2.7,0.1219794768459463,0.1278194768459463,16.0,7,649800.0,0
10205,Manufacturing,Northeast,Expansion,CostPlus,0,4274000.0,2.4,13.0,5.1,7,1.4,11.8,1,93.6,4.2,0.0221824226295213,0.0308224226295213,38.0,2,507100.0,0
10206,Healthcare,Midwest,Retrofit,GMP,0,5408000.0,2.3,124.0,0.5,1,4.7,7.7,0,100.0,4.0,-0.0892397786096584,-0.0940397786096584,17.0,3,629200.0,0
10207,Manufacturing,South,Expansion,FixedBid,1,6617000.0,4.0,106.0,4.4,5,0.6,6.0,1,82.4,4.5,-0.0617557792863164,-0.0441957792863164,27.0,8,561600.0,1
10208,Technology,West,Retrofit,FixedBid,1,7635000.0,3.6,84.0,4.4,2,2.8,8.8,0,73.5,4.3,-0.00525864610432,0.0134413538956799,27.0,5,558600.0,1
10209,Manufacturing,Midwest,NewBuild,FixedBid,1,28385000.0,3.7,85.0,2.7,1,2.0,2.6,2,67.6,3.8,0.1052235112779424,0.1317635112779424,14.0,2,534500.0,0
10210,Energy,South,Expansion,FixedBid,1,2741000.0,3.5,116.0,2.7,2,2.8,8.9,0,100.0,4.6,-0.0093431435686071,-0.0069431435686071,19.0,4,619700.0,1
10211,Technology,South,NewBuild,FixedBid,0,10716000.0,3.2,36.0,0.8,1,3.8,1.8,1,100.0,3.7,0.0571388922503916,0.0559388922503916,30.0,3,666700.0,1
10212,Energy,South,NewBuild,FixedBid,0,6364000.0,3.9,69.0,11.3,0,1.5,3.9,1,74.9,4.1,0.0254212185523468,0.0448812185523468,24.0,2,582900.0,1
10213,Healthcare,West,Expansion,FixedBid,1,1534000.0,4.1,50.0,2.8,3,7.9,,0,77.3,3.7,0.0831900304300919,0.0933100304300919,60.0,6,558100.0,0
10214,Food&Beverage,South,Expansion,FixedBid,1,9985000.0,4.1,152.0,4.3,7,5.2,7.3,1,82.1,4.2,-0.0711080615893963,-0.0515680615893962,42.0,6,576700.0,1
10215,Technology,Northeast,TenantImprovement,GMP,0,14859000.0,3.1,121.0,2.9,3,8.5,14.4,1,100.0,3.6,0.115892748410227,0.126792748410227,36.0,1,603400.0,0
10216,Food&Beverage,West,NewBuild,FixedBid,0,2715000.0,4.6,13.0,1.9,5,3.6,7.5,1,,5.0,-0.0223738413756597,0.0067661586243402,9.0,3,666200.0,1
10217,Manufacturing,West,NewBuild,GMP,0,5351000.0,3.4,37.0,5.8,4,2.6,10.6,2,62.4,5.0,0.0869612630810844,0.1231212630810844,13.0,4,623100.0,1
10218,Manufacturing,West,TenantImprovement,FixedBid,0,1356000.0,3.8,85.0,3.7,3,8.4,17.4,0,100.0,4.5,-0.0124528796268268,-5.287962682686172e-05,64.0,6,704000.0,0
10219,Pharma,Northeast,NewBuild,FixedBid,1,1969000.0,3.5,73.0,2.8,2,2.6,9.6,2,89.7,5.0,0.0272920469743169,0.0465720469743169,6.0,5,572300.0,0
10220,Logistics,Northeast,NewBuild,CostPlus,1,12465000.0,3.4,44.0,4.2,3,3.6,4.9,0,91.5,2.8,-0.0097771334179103,-0.0067771334179103,27.0,2,583800.0,1
10221,Healthcare,South,NewBuild,FixedBid,1,3711000.0,2.5,158.0,3.1,6,5.8,5.5,1,83.5,2.9,0.0123923209536045,0.0212923209536045,33.0,2,540400.0,1
10222,Logistics,Northeast,Retrofit,FixedBid,1,2220000.0,3.9,101.0,9.6,7,0.9,,1,91.6,3.7,0.0660267180296626,0.0795667180296626,22.0,2,636500.0,1
10223,Technology,West,TenantImprovement,CostPlus,0,6476000.0,5.0,107.0,5.7,2,5.8,5.5,0,67.8,3.9,0.1285853058276148,0.1544053058276148,11.0,3,630100.0,0
10224,Pharma,Midwest,Expansion,FixedBid,0,3549000.0,2.8,66.0,4.7,5,5.5,5.8,1,75.9,3.8,0.1017564217818164,0.1170164217818164,14.0,3,518700.0,0
10225,Healthcare,South,Expansion,FixedBid,0,3698000.0,3.3,115.0,0.9,1,7.2,11.9,1,87.3,2.8,0.0353275082743691,0.0523475082743691,16.0,4,552700.0,1
10226,Pharma,West,NewBuild,CostPlus,0,9737000.0,2.8,77.0,4.8,4,6.2,12.1,0,58.7,4.7,0.1018571967417813,0.1287371967417813,16.0,1,649800.0,1
10227,Manufacturing,Midwest,Retrofit,FixedBid,1,2128000.0,2.7,80.0,4.7,0,7.2,1.4,0,82.4,5.0,-0.0038919220024265,-0.0024319220024265,51.0,2,818200.0,1
10228,Energy,Midwest,Retrofit,GMP,0,2612000.0,4.7,111.0,1.5,3,3.7,4.7,0,,4.8,0.1217208253577047,0.1369608253577047,31.0,3,738500.0,0
10229,Technology,South,NewBuild,FixedBid,0,6097000.0,2.5,33.0,0.8,3,1.8,6.1,2,82.4,4.7,0.0389103771034303,0.0540703771034303,17.0,1,536500.0,0
10230,Manufacturing,South,NewBuild,GMP,1,11705000.0,2.7,146.0,5.5,1,9.3,10.4,0,79.4,4.1,-0.0578443241997756,-0.0455843241997756,25.0,2,637200.0,1
10231,Manufacturing,Midwest,NewBuild,GMP,1,14513000.0,1.6,96.0,6.0,2,0.2,12.6,0,74.0,3.3,-0.0419136091934109,-0.0297136091934109,37.0,2,555500.0,1
10232,Logistics,South,NewBuild,GMP,0,3166000.0,2.4,135.0,2.1,4,0.4,18.8,0,64.1,4.0,-0.0015779685743612,0.0267620314256387,18.0,5,548400.0,1
10233,Pharma,West,Retrofit,GMP,0,11409000.0,1.5,52.0,2.0,5,5.4,6.1,1,87.7,5.0,-0.0383538691981825,-0.0363738691981825,41.0,3,653600.0,1
10234,Energy,Midwest,Expansion,FixedBid,1,2878000.0,3.8,58.0,3.7,2,8.1,6.3,0,82.4,3.7,0.0465999562598289,0.0584599562598289,2.0,5,669000.0,0
10235,Pharma,Northeast,NewBuild,CostPlus,1,23230000.0,5.0,49.0,2.4,4,4.5,10.4,0,69.5,3.6,0.1101754071528826,0.1398754071528826,54.0,3,565200.0,0
10236,Food&Beverage,Midwest,Retrofit,FixedBid,1,2176000.0,2.8,99.0,0.8,3,6.5,5.3,0,86.8,4.7,-0.0129361199397124,-0.0097161199397124,24.0,2,566500.0,0
10237,Logistics,Midwest,Expansion,GMP,0,15600000.0,1.5,92.0,1.5,3,0.0,7.4,1,82.5,4.7,-0.1873999999999999,-0.181,16.0,5,514100.0,0
10238,Food&Beverage,Northeast,Expansion,CostPlus,0,3188000.0,4.1,74.0,4.1,3,2.8,6.3,1,80.5,3.3,0.1591789106045359,0.1786789106045359,19.0,3,559000.0,0
10239,Manufacturing,Northeast,Expansion,FixedBid,0,26980000.0,2.5,55.0,1.5,1,0.0,0.0,1,60.1,3.7,-0.020831400115423,-0.003391400115423,-0.0,2,538100.0,0
10240,Manufacturing,South,Retrofit,GMP,1,8650000.0,4.5,46.0,6.2,2,6.0,8.5,1,94.2,3.5,-0.0061296154582608,0.0093503845417391,0.0,3,598100.0,1
10241,Food&Beverage,Midwest,Expansion,FixedBid,1,2391000.0,2.9,88.0,4.7,1,0.1,7.3,0,71.2,3.9,-0.0889877206956972,-0.0739077206956972,6.0,3,558500.0,1
10242,Food&Beverage,West,NewBuild,CostPlus,1,3549000.0,2.6,74.0,4.3,3,0.8,,1,86.8,4.7,-0.0336512131633551,-0.0186312131633551,35.0,2,618000.0,1
10243,Healthcare,Midwest,Retrofit,GMP,1,10069000.0,3.0,66.0,3.6,1,5.3,8.0,0,76.3,3.3,-0.0473923481921887,-0.0341723481921887,4.0,2,518500.0,0
10244,Energy,Northeast,NewBuild,FixedBid,1,12511000.0,4.0,144.0,1.8,4,6.7,3.0,0,81.3,4.7,-0.0245906624719283,-0.0143706624719283,0.0,3,555200.0,1
10245,Energy,South,Retrofit,CostPlus,0,5093000.0,3.0,87.0,5.1,4,3.6,7.0,0,99.8,4.0,-0.0547488388891201,-0.0566288388891201,4.0,3,818800.0,0
10246,Food&Beverage,West,Retrofit,GMP,0,5586000.0,2.7,134.0,1.8,6,5.4,0.0,2,92.4,5.0,0.0580819976841875,0.0621419976841875,20.0,3,520800.0,0
10247,Energy,Midwest,NewBuild,FixedBid,1,9887000.0,3.0,71.0,6.4,5,5.3,3.2,2,99.6,4.1,0.1689254408702171,0.1733654408702171,26.0,2,554800.0,0
10248,Logistics,Northeast,Expansion,CostPlus,0,5989000.0,1.9,99.0,8.6,3,3.5,10.5,0,90.0,3.8,0.013940011861043,0.015940011861043,23.0,4,804300.0,1
10249,Logistics,Northeast,NewBuild,FixedBid,0,1915000.0,3.6,88.0,3.7,3,1.3,7.0,0,90.8,4.3,0.0895818729328199,0.0961018729328199,50.0,2,829400.0,1
10250,Logistics,South,NewBuild,CostPlus,0,2813000.0,1.4,31.0,7.9,1,5.4,11.7,3,64.6,3.7,-0.0411187022012717,-0.0101787022012717,49.0,3,484300.0,1
10251,Technology,Midwest,NewBuild,FixedBid,0,6505000.0,2.8,140.0,1.5,6,5.5,0.1,0,82.2,2.6,0.0012265755885404,0.0020065755885404,65.0,3,543600.0,0
10252,Food&Beverage,Midwest,Retrofit,GMP,1,14252000.0,4.0,85.0,4.7,4,6.2,7.0,1,83.3,3.7,0.06785376829612,0.0858737682961201,0.0,6,628600.0,0
10253,Logistics,Northeast,NewBuild,GMP,1,19634000.0,3.5,116.0,3.3,3,4.8,6.1,1,100.0,3.7,-0.0222690525549939,-0.0176690525549939,7.0,4,756800.0,0
10254,Healthcare,Midwest,Retrofit,FixedBid,1,10055000.0,3.8,64.0,5.6,1,1.1,11.8,0,79.9,2.8,-0.0176011049384382,0.0012588950615617,38.0,3,563400.0,1
10255,Healthcare,West,NewBuild,FixedBid,0,6782000.0,3.1,84.0,0.5,4,5.7,10.7,2,89.2,3.8,0.0821186370833153,0.1007986370833153,20.0,6,537700.0,0
10256,Food&Beverage,South,Expansion,CostPlus,0,9811000.0,4.4,60.0,5.4,2,4.0,10.6,0,88.7,2.5,0.1077204928570076,0.1231004928570076,47.0,4,661000.0,0
10257,Food&Beverage,Midwest,TenantImprovement,GMP,0,3162000.0,4.1,133.0,2.0,5,2.8,14.2,0,99.9,3.7,0.023518718866068,0.034278718866068,30.0,2,642600.0,0
10258,Manufacturing,Northeast,Retrofit,FixedBid,0,4768000.0,3.6,101.0,3.4,6,3.3,6.5,1,84.4,4.1,-0.0571610026545108,-0.0423010026545108,54.0,4,571500.0,0
10259,Manufacturing,Midwest,Expansion,FixedBid,1,2788000.0,4.1,103.0,11.2,1,2.3,13.3,0,95.9,4.0,-0.000991438825236,0.0112685611747639,46.0,3,679100.0,1
10260,Energy,Midwest,TenantImprovement,FixedBid,1,1985000.0,4.0,138.0,4.8,2,6.2,3.8,1,65.5,3.6,-0.059693179415411,-0.034193179415411,44.0,2,484300.0,0
10261,Manufacturing,South,TenantImprovement,GMP,1,7038000.0,2.8,130.0,4.4,2,0.5,3.7,0,66.6,3.8,-0.0044358313115691,0.0093041686884308,17.0,2,602700.0,1
10262,Food&Beverage,West,Expansion,CostPlus,0,6252000.0,1.9,117.0,4.2,2,1.5,11.0,1,58.6,3.4,-0.0111217822110006,0.0152182177889993,23.0,2,557900.0,0
10263,Healthcare,West,TenantImprovement,GMP,1,9343000.0,3.6,40.0,6.9,4,3.2,2.0,0,95.4,3.9,-0.0029497294726443,-0.0041897294726443,19.0,4,685800.0,1
10264,Manufacturing,West,TenantImprovement,CostPlus,0,8343000.0,3.7,66.0,5.7,0,8.0,10.3,0,94.1,3.9,0.0276197855668243,0.0359597855668243,0.0,5,626300.0,1
10265,Pharma,West,Expansion,GMP,0,6544000.0,4.3,55.0,4.2,5,6.6,8.4,2,96.8,3.3,0.0897830867358687,0.1076030867358687,59.0,6,590700.0,0
10266,Manufacturing,West,Retrofit,FixedBid,1,8413000.0,2.3,115.0,3.8,2,0.0,12.3,0,77.9,4.1,-0.0153196569965013,-0.0022596569965013,39.0,6,696700.0,1
10267,Healthcare,Northeast,NewBuild,FixedBid,0,5209000.0,2.3,96.0,3.7,5,7.4,7.8,2,79.2,4.1,-0.082907120460785,-0.0651271204607851,15.0,1,586700.0,1
10268,Manufacturing,Northeast,NewBuild,GMP,0,7499000.0,3.7,41.0,3.2,3,7.4,8.2,0,84.5,3.8,-0.0049285027858886,0.0070714972141113,51.0,3,641900.0,0
10269,Manufacturing,Midwest,Retrofit,GMP,1,3015000.0,3.1,83.0,1.2,2,1.1,10.0,2,100.0,5.0,0.0516890084786387,0.0631890084786387,15.0,4,596500.0,1
10270,Manufacturing,South,Retrofit,FixedBid,0,7245000.0,1.3,38.0,4.8,3,0.0,5.3,2,100.0,3.8,0.0842098239914199,0.08200982399142,0.0,4,609200.0,0
10271,Manufacturing,Northeast,Retrofit,FixedBid,1,9200000.0,3.6,88.0,2.2,1,3.8,5.2,0,95.5,3.7,-0.0062348025167088,-0.0043348025167088,45.0,3,588500.0,0
10272,Manufacturing,West,Retrofit,CostPlus,0,3154000.0,1.3,32.0,2.9,0,6.8,9.9,1,90.0,3.6,-0.0073411859686323,-0.0039411859686323,0.0,4,605300.0,0
10273,Manufacturing,South,Retrofit,FixedBid,1,5618000.0,2.3,109.0,6.0,3,8.0,7.9,0,100.0,3.2,0.0325706338346676,0.0279706338346676,22.0,1,633700.0,1
10274,Energy,South,Expansion,FixedBid,0,3273000.0,4.6,103.0,3.2,2,1.8,6.4,1,82.9,4.4,0.0428360611139208,0.0634960611139208,31.0,6,730500.0,0
10275,Technology,Northeast,NewBuild,GMP,0,3537000.0,5.0,157.0,3.0,5,8.4,7.7,1,81.3,3.4,0.1476885423241138,0.1726085423241138,40.0,1,654600.0,1
10276,Logistics,Midwest,NewBuild,FixedBid,1,2191000.0,2.0,120.0,3.7,1,0.0,14.4,0,84.5,3.5,0.0397521682001627,0.0494521682001627,44.0,3,621400.0,1
10277,Healthcare,Northeast,Expansion,GMP,0,14837000.0,2.9,75.0,2.6,4,3.1,6.2,0,74.3,3.5,0.0874269313842833,0.0995469313842833,41.0,3,565100.0,1
10278,Energy,West,TenantImprovement,FixedBid,1,12642000.0,3.2,119.0,11.0,4,3.0,6.1,1,83.9,3.2,0.0469902518289872,0.0597502518289872,38.0,4,576300.0,0
10279,Pharma,South,TenantImprovement,FixedBid,0,8285000.0,5.0,41.0,10.1,2,6.9,1.2,0,72.6,2.7,0.2240096074760275,0.2426496074760275,20.0,4,699000.0,0
10280,Food&Beverage,South,TenantImprovement,CostPlus,1,26108000.0,2.7,56.0,9.9,2,7.2,7.8,0,98.3,3.6,-0.0598698178935038,-0.0615498178935038,28.0,2,742300.0,0
10281,Manufacturing,Midwest,TenantImprovement,FixedBid,1,4632000.0,2.7,102.0,4.2,2,6.4,10.6,0,92.5,4.5,0.1290854310325258,0.1336854310325257,1.0,0,686400.0,1
10282,Healthcare,Midwest,NewBuild,CostPlus,0,60941000.0,4.7,14.0,2.0,3,0.6,11.3,2,100.0,4.0,0.1234809642060903,0.1442809642060903,62.0,1,537500.0,0
10283,Healthcare,Midwest,Retrofit,FixedBid,0,4493000.0,2.8,89.0,6.1,2,6.2,8.4,0,66.4,5.0,0.0794271133118702,0.0979871133118703,1.0,3,709300.0,1
10284,Healthcare,South,NewBuild,GMP,1,6610000.0,3.9,54.0,2.6,4,5.3,11.8,1,100.0,4.4,0.0077973571820802,0.0200973571820802,19.0,1,658800.0,1
10285,Energy,South,Expansion,GMP,1,3921000.0,1.7,94.0,6.4,4,0.0,10.9,0,67.1,4.3,0.0092132292074633,0.0243532292074633,0.0,2,567000.0,1
10286,Logistics,Northeast,TenantImprovement,GMP,0,7260000.0,3.0,52.0,2.0,3,0.0,12.5,0,71.6,5.0,0.0873881914565054,0.1079281914565054,15.0,1,613100.0,1
10287,Manufacturing,West,Retrofit,FixedBid,0,10517000.0,1.5,105.0,4.4,5,6.6,11.9,0,78.6,3.8,-0.133015105060671,-0.124775105060671,19.0,2,656500.0,1
10288,Logistics,Northeast,Retrofit,FixedBid,1,4920000.0,2.1,91.0,7.0,2,3.5,14.3,0,100.0,3.9,-0.0527328397270793,-0.0519328397270793,12.0,4,675200.0,0
10289,Energy,West,NewBuild,FixedBid,1,22329000.0,4.0,139.0,2.8,4,0.8,7.3,1,88.7,3.9,-0.1121876881761831,-0.0971076881761831,43.0,3,614100.0,0
10290,Manufacturing,Northeast,NewBuild,CostPlus,0,6526000.0,3.2,90.0,2.7,1,3.5,2.7,2,83.1,5.0,0.020816691620559,0.035656691620559,31.0,2,599200.0,0
10291,Food&Beverage,Midwest,NewBuild,FixedBid,0,6692000.0,2.9,63.0,0.9,3,4.9,10.7,0,76.5,3.9,-0.070820573542206,-0.055520573542206,13.0,2,591600.0,1
10292,Manufacturing,West,NewBuild,FixedBid,1,2605000.0,2.5,81.0,2.0,5,3.8,11.1,1,69.5,3.4,-0.0263437381576714,-0.0034437381576714,21.0,1,553300.0,0
10293,Pharma,Northeast,TenantImprovement,FixedBid,0,7533000.0,3.0,43.0,4.1,2,0.1,14.3,0,99.6,4.3,0.1903550350323261,0.1958950350323262,58.0,0,778000.0,1
10294,Manufacturing,Midwest,Retrofit,FixedBid,0,4842000.0,3.5,104.0,4.6,1,8.7,13.1,0,95.6,3.3,0.1221462454758039,0.1313862454758039,49.0,3,478500.0,1
10295,Food&Beverage,Midwest,Expansion,FixedBid,1,3313000.0,4.2,111.0,5.0,5,6.5,15.8,3,100.0,4.3,-0.0355613275690442,-0.0077613275690442,1.0,4,561800.0,1
10296,Pharma,Midwest,Expansion,FixedBid,0,2896000.0,1.0,176.0,0.6,1,3.2,10.5,0,90.8,4.2,-0.0315983188880416,-0.0345783188880416,10.0,6,617400.0,1
10297,Pharma,South,NewBuild,FixedBid,1,45691000.0,2.4,68.0,2.6,4,3.3,8.9,2,54.3,3.8,0.0590251760941466,0.0933451760941466,38.0,1,590600.0,0
10298,Food&Beverage,West,NewBuild,CostPlus,0,4365000.0,3.4,81.0,1.0,2,4.9,2.5,2,71.1,4.3,0.0158472039306787,0.0386872039306787,33.0,2,530000.0,1
10299,Food&Beverage,West,Expansion,FixedBid,1,1680000.0,3.1,70.0,4.0,5,1.2,9.2,0,91.6,2.9,0.0062815322210984,0.0120215322210984,4.0,3,489600.0,0
10300,Technology,Midwest,NewBuild,FixedBid,0,3083000.0,3.6,97.0,0.8,3,4.8,5.8,0,81.6,4.0,0.0315187545190498,0.0423587545190498,42.0,1,611400.0,0
10301,Food&Beverage,South,TenantImprovement,CostPlus,1,5172000.0,3.5,103.0,1.3,2,,8.8,1,79.3,3.6,-0.0730627961003302,-0.0533427961003302,4.0,6,672200.0,1
10302,Manufacturing,Midwest,NewBuild,GMP,0,8346000.0,2.9,88.0,5.7,1,3.8,8.2,0,72.8,5.0,-0.0833930547860303,-0.0683730547860303,48.0,2,579600.0,1
10303,Energy,Midwest,Expansion,FixedBid,0,8401000.0,2.7,128.0,2.2,4,1.1,9.9,1,97.4,4.0,0.0081607702908693,0.0141207702908693,36.0,4,672400.0,1
10304,Energy,Northeast,Expansion,CostPlus,1,9261000.0,3.0,68.0,7.9,3,1.2,7.6,2,91.5,3.5,0.0293581769587236,0.0430581769587236,4.0,1,603200.0,0
10305,Food&Beverage,West,NewBuild,GMP,1,3217000.0,4.3,125.0,5.1,4,8.1,11.7,0,92.0,2.9,-0.0222993900792088,-0.0082993900792088,14.0,1,600900.0,0
10306,Logistics,West,NewBuild,CostPlus,1,7077000.0,2.5,109.0,2.8,4,4.1,,1,78.4,4.8,-0.0556063297897691,-0.0491463297897691,12.0,3,554400.0,0
10307,Logistics,South,TenantImprovement,GMP,0,2674000.0,3.1,90.0,6.3,0,4.5,8.8,2,88.1,3.7,0.0179154525230155,0.0353554525230155,29.0,2,567000.0,0
10308,Technology,South,NewBuild,GMP,0,3283000.0,3.4,79.0,2.9,1,0.0,12.8,1,69.9,3.3,0.0762305667088291,0.1050905667088291,25.0,3,636700.0,1
10309,Healthcare,Midwest,Retrofit,FixedBid,1,2587000.0,4.8,175.0,5.4,6,2.5,15.5,1,84.4,4.1,0.048145996033719,0.078005996033719,5.0,4,631000.0,0
10310,Manufacturing,South,Retrofit,FixedBid,1,2083000.0,2.9,61.0,1.9,2,5.2,10.9,0,55.7,4.4,0.0996911581444954,0.1276711581444954,2.0,3,674500.0,1
10311,Logistics,South,NewBuild,CostPlus,0,12627000.0,4.2,100.0,6.5,3,4.5,14.7,0,67.2,4.3,-0.0274074383363792,0.0039725616636207,35.0,1,744900.0,1
10312,Logistics,Midwest,Expansion,GMP,1,9350000.0,4.4,64.0,0.8,7,0.0,8.7,1,,3.9,0.0618176861018378,0.0842576861018378,34.0,4,607300.0,1
10313,Healthcare,Northeast,Expansion,CostPlus,1,11773000.0,3.1,152.0,1.3,1,4.5,8.0,0,100.0,4.0,-0.0298006800372804,-0.0303006800372804,26.0,6,763300.0,0
10314,Logistics,Northeast,Retrofit,FixedBid,1,5562000.0,3.0,121.0,1.5,5,4.9,10.1,1,64.4,4.1,0.0460572662489177,0.0735172662489177,33.0,2,585400.0,0
10315,Logistics,West,Expansion,CostPlus,1,10034000.0,2.9,66.0,2.1,1,7.2,8.0,1,71.1,4.1,-0.0507111517557637,-0.0298711517557637,11.0,4,641000.0,0
10316,Healthcare,Midwest,NewBuild,FixedBid,1,1317000.0,2.9,108.0,4.2,2,2.4,4.9,0,88.6,4.2,0.1270178427795629,0.1292578427795629,34.0,1,591600.0,0
10317,Logistics,West,NewBuild,GMP,1,10751000.0,4.1,99.0,3.3,4,0.0,5.9,0,100.0,4.7,-0.0912428682153204,-0.0888428682153204,72.0,3,683800.0,1
10318,Technology,Northeast,Retrofit,CostPlus,1,6210000.0,3.4,72.0,5.5,1,1.5,3.6,0,88.4,3.9,0.1284836167776172,0.1320436167776172,54.0,3,597500.0,0
10319,Healthcare,South,TenantImprovement,GMP,1,8901000.0,3.4,117.0,7.1,1,1.3,10.1,3,94.4,3.3,0.0531991928376182,0.0746591928376183,22.0,2,650200.0,0
10320,Pharma,Northeast,NewBuild,GMP,1,7305000.0,2.1,104.0,0.8,4,5.8,8.0,2,81.9,3.8,0.0336697207222839,0.0490297207222839,16.0,2,492100.0,0
10321,Pharma,Midwest,NewBuild,CostPlus,0,2447000.0,2.2,98.0,7.7,5,0.0,6.6,0,79.9,4.4,0.062816743216437,0.068476743216437,0.0,2,703600.0,1
10322,Logistics,Northeast,Retrofit,CostPlus,1,1626000.0,5.0,89.0,2.9,2,2.9,5.7,2,,2.6,0.1443363046616248,0.1688363046616248,53.0,4,497500.0,0
10323,Healthcare,Northeast,Expansion,GMP,1,3049000.0,3.0,105.0,9.8,1,7.6,10.0,0,78.1,2.7,-0.0611018821455143,-0.0469618821455142,38.0,4,688600.0,1
10324,Energy,West,NewBuild,GMP,1,8469000.0,2.4,98.0,1.9,3,4.0,11.1,0,94.7,4.5,0.0129062688683821,0.0151862688683821,15.0,2,703800.0,1
10325,Food&Beverage,Midwest,Retrofit,GMP,1,9361000.0,4.6,92.0,0.6,5,6.2,3.5,0,66.7,5.0,0.1752231780844231,0.1977031780844231,5.0,4,724900.0,1
10326,Technology,South,Expansion,FixedBid,0,1804000.0,3.5,68.0,5.1,2,0.0,2.8,1,96.7,3.0,-0.0349104198512575,-0.0316304198512575,0.0,4,630900.0,1
10327,Food&Beverage,Midwest,Retrofit,CostPlus,1,2459000.0,3.8,149.0,4.9,3,0.0,11.8,2,86.5,4.0,0.1904899957835784,0.2153899957835784,43.0,3,484400.0,1
10328,Energy,Midwest,NewBuild,FixedBid,0,3022000.0,3.1,53.0,1.4,5,7.6,2.5,2,83.4,3.6,0.0574991740177994,0.0714591740177994,26.0,1,532200.0,0
10329,Technology,South,NewBuild,GMP,0,4050000.0,2.9,105.0,1.5,1,4.3,10.2,0,66.3,3.7,-0.043525944034418,-0.022605944034418,37.0,4,514300.0,0
10330,Healthcare,Northeast,Retrofit,CostPlus,0,1813000.0,3.0,79.0,5.8,2,4.3,14.5,1,74.2,4.1,-0.0620302569225778,-0.0360502569225777,24.0,7,552700.0,0
10331,Food&Beverage,West,Retrofit,FixedBid,1,1728000.0,1.8,152.0,4.4,0,1.2,14.5,0,100.0,3.0,-0.0661300952085792,-0.0666300952085792,41.0,5,702200.0,1
10332,Healthcare,West,TenantImprovement,FixedBid,1,2793000.0,3.1,58.0,2.7,3,4.3,11.0,0,83.5,3.1,-0.1448694831749347,-0.1324694831749346,26.0,1,628100.0,0
10333,Technology,South,Expansion,FixedBid,1,5775000.0,3.5,64.0,4.7,3,1.1,10.8,0,89.3,3.7,-0.0248671128341151,-0.0141471128341151,41.0,8,580700.0,1
10334,Food&Beverage,Midwest,Expansion,GMP,0,2096000.0,5.0,56.0,4.1,7,7.0,17.0,1,75.4,3.8,0.0395950929301071,0.0773550929301071,0.0,5,505300.0,0
10335,Manufacturing,Northeast,TenantImprovement,FixedBid,0,4913000.0,3.3,101.0,1.6,4,10.8,0.0,1,85.7,3.1,-0.0512089554378693,-0.0451289554378693,0.0,2,563500.0,0
10336,Technology,West,Retrofit,FixedBid,1,12570000.0,1.0,42.0,6.0,7,5.2,6.1,1,69.5,4.5,0.0012491636433051,0.0116491636433051,18.0,4,549100.0,1
10337,Manufacturing,Midwest,Retrofit,GMP,0,1902000.0,3.1,73.0,5.3,5,2.4,11.4,2,87.2,3.6,0.0062863598547428,0.0268663598547428,47.0,4,520900.0,0
10338,Technology,Northeast,TenantImprovement,GMP,1,4569000.0,5.0,15.0,3.4,4,0.0,6.7,1,90.4,3.6,0.02379438187699,0.04225438187699,64.0,1,611800.0,0
10339,Manufacturing,Midwest,NewBuild,FixedBid,1,12235000.0,4.1,98.0,5.8,3,0.0,13.0,1,,4.1,0.0122266245452019,0.0328466245452019,23.0,3,722400.0,1
10340,Pharma,West,Expansion,FixedBid,1,3857000.0,2.4,72.0,10.6,2,7.9,7.8,0,75.2,3.8,-0.0009424768678907,0.0097375231321092,13.0,2,694800.0,0
10341,Manufacturing,South,Expansion,GMP,0,3406000.0,3.8,38.0,1.5,2,,8.5,0,81.9,4.5,0.0206254847326895,0.0349854847326895,0.0,5,485500.0,0
10342,Pharma,South,NewBuild,GMP,0,13671000.0,2.5,128.0,2.8,5,3.1,6.9,0,92.4,3.2,-0.0709682561661304,-0.0710082561661304,39.0,3,648900.0,1
10343,Food&Beverage,West,Retrofit,CostPlus,0,4219000.0,1.8,44.0,2.9,0,5.6,5.9,2,83.5,2.9,-0.0031042568171689,0.007695743182831,14.0,4,547600.0,0
10344,Energy,Northeast,NewBuild,FixedBid,1,13041000.0,2.9,118.0,5.7,4,7.7,5.8,0,82.6,3.7,-0.012347317029638,-0.005607317029638,84.0,5,657100.0,0
10345,Food&Beverage,West,NewBuild,FixedBid,0,7596000.0,3.3,65.0,2.1,4,3.5,9.1,0,100.0,3.9,-0.0798624956204168,-0.0782624956204168,7.0,3,759800.0,0
10346,Food&Beverage,Midwest,Retrofit,FixedBid,1,4097000.0,1.3,146.0,5.5,1,3.0,4.9,1,74.6,3.0,-0.0610953285455082,-0.0534553285455082,64.0,5,461600.0,0
10347,Pharma,South,NewBuild,GMP,0,7911000.0,2.1,116.0,2.3,3,,11.8,0,99.0,2.9,0.0017536789294621,0.0006536789294621,40.0,2,580000.0,0
10348,Healthcare,Northeast,Expansion,FixedBid,0,6965000.0,3.2,55.0,1.3,1,2.4,10.6,1,72.1,4.0,0.0504496781927555,0.0747896781927555,7.0,3,619200.0,0
10349,Energy,West,TenantImprovement,FixedBid,0,12197000.0,2.8,58.0,3.5,4,2.6,12.4,1,93.9,3.4,-0.0194975032682375,-0.0084375032682375,29.0,2,529100.0,1
10350,Manufacturing,Midwest,Expansion,GMP,1,3476000.0,3.6,111.0,2.2,5,5.0,3.5,0,94.5,2.9,0.0618740956350183,0.0626740956350183,43.0,3,669000.0,0
10351,Technology,Northeast,NewBuild,GMP,1,5570000.0,2.0,81.0,3.8,4,4.5,1.2,1,79.9,4.6,-0.0847968847889235,-0.0805368847889235,17.0,3,636000.0,1
10352,Manufacturing,Midwest,NewBuild,GMP,0,5131000.0,3.9,84.0,4.4,4,9.3,8.0,0,71.4,3.5,-0.0474291486735328,-0.0267691486735328,40.0,6,639900.0,0
10353,Energy,Northeast,NewBuild,CostPlus,1,9467000.0,2.0,135.0,0.8,7,5.1,,3,62.4,4.7,-0.0221878474305576,0.0209721525694423,41.0,6,494700.0,0
10354,Energy,Northeast,NewBuild,CostPlus,1,2373000.0,4.8,64.0,2.5,1,6.9,13.1,0,78.6,3.9,0.1457296295260994,0.1716696295260995,44.0,4,628100.0,0
10355,Logistics,South,TenantImprovement,FixedBid,1,12159000.0,1.5,93.0,3.5,4,1.3,5.8,0,92.3,4.1,-0.0393723861423256,-0.0454523861423256,23.0,4,729700.0,0
10356,Energy,Midwest,Retrofit,FixedBid,1,7827000.0,2.1,123.0,5.8,0,5.3,9.7,2,73.1,3.8,-0.025975606676604,-0.003635606676604,1.0,2,605100.0,0
10357,Food&Beverage,West,NewBuild,CostPlus,0,1879000.0,3.6,118.0,5.3,2,2.2,10.9,1,87.2,2.0,0.1301896600844652,0.1477696600844653,30.0,3,557400.0,0
10358,Food&Beverage,Midwest,TenantImprovement,FixedBid,0,14170000.0,4.9,84.0,1.7,2,5.0,2.5,1,68.3,3.1,0.0494143095357523,0.0764343095357523,31.0,5,575500.0,0
10359,Energy,South,Retrofit,CostPlus,1,32193000.0,3.5,80.0,3.0,3,5.7,13.5,0,83.2,3.8,0.1579313266100195,0.1750113266100195,0.0,2,597300.0,0
10360,Energy,Midwest,NewBuild,GMP,0,12013000.0,3.8,29.0,4.6,4,4.1,7.3,2,72.2,4.2,0.0109101813465477,0.0398901813465477,29.0,3,582500.0,1
10361,Pharma,South,NewBuild,GMP,0,16879000.0,3.2,53.0,2.8,2,10.0,7.6,0,85.1,2.6,-0.072421011047591,-0.063881011047591,20.0,4,596700.0,0
10362,Manufacturing,South,Expansion,FixedBid,0,5771000.0,2.2,101.0,1.9,4,7.6,8.1,1,80.0,3.9,-0.0287453382396312,-0.0166453382396312,0.0,3,605700.0,1
10363,Manufacturing,Midwest,Expansion,FixedBid,1,1427000.0,2.7,85.0,3.3,1,6.9,12.6,1,71.7,3.1,-0.0240358982585911,4.410174140880713e-05,18.0,3,592600.0,1
10364,Manufacturing,West,NewBuild,FixedBid,0,1233000.0,2.0,93.0,4.3,4,5.9,5.0,0,78.1,4.1,-0.0915403983444498,-0.0874003983444498,15.0,6,529600.0,1
10365,Technology,Midwest,TenantImprovement,FixedBid,0,6610000.0,1.9,126.0,1.6,1,8.4,1.2,0,74.8,3.9,0.1479381854710905,0.1497581854710906,70.0,3,581100.0,0
10366,Logistics,Northeast,TenantImprovement,FixedBid,1,3357000.0,3.6,48.0,4.9,3,0.4,9.3,0,70.2,4.4,0.0310038597463674,0.0521838597463674,31.0,3,717900.0,0
10367,Food&Beverage,South,TenantImprovement,FixedBid,0,2593000.0,2.1,82.0,3.7,2,7.4,0.0,1,99.0,4.6,0.0204974701570108,0.0125974701570108,47.0,1,574900.0,0
10368,Technology,West,NewBuild,GMP,0,5126000.0,3.5,97.0,5.1,3,1.5,6.8,1,81.7,4.2,-0.0091315486995844,0.0071484513004155,22.0,3,569800.0,1
10369,Healthcare,Northeast,NewBuild,CostPlus,0,8819000.0,1.9,65.0,3.2,4,2.6,12.7,1,59.6,4.5,-0.0711368569321591,-0.043696856932159,0.0,2,615900.0,1
10370,Pharma,Midwest,TenantImprovement,GMP,0,1686000.0,3.5,140.0,9.6,6,5.4,10.3,0,78.5,3.7,0.076489084900239,0.093189084900239,42.0,2,676000.0,1
10371,Food&Beverage,West,NewBuild,FixedBid,1,3764000.0,2.7,122.0,4.3,5,7.1,12.2,1,97.0,5.0,-0.1235089240812832,-0.1150089240812832,6.0,3,641700.0,0
10372,Healthcare,South,Expansion,FixedBid,1,18036000.0,4.6,100.0,5.5,4,1.1,10.5,0,76.9,3.0,-0.0425005130953258,-0.0191405130953258,17.0,3,723800.0,0
10373,Logistics,West,Expansion,FixedBid,0,2280000.0,3.5,153.0,4.9,0,2.7,17.6,0,100.0,3.5,-0.0199115953925288,-0.0088115953925288,3.0,6,686100.0,1
10374,Healthcare,South,NewBuild,FixedBid,1,10808000.0,4.4,38.0,3.0,4,4.2,5.6,1,75.7,4.5,0.1459733113944018,0.1691533113944018,33.0,2,658800.0,0
10375,Manufacturing,South,Expansion,FixedBid,1,3657000.0,2.4,90.0,4.0,2,3.5,9.6,0,92.0,4.4,-0.0538161881078631,-0.0514161881078631,44.0,2,681500.0,1
10376,Manufacturing,Midwest,TenantImprovement,GMP,1,8341000.0,3.3,103.0,2.1,4,6.1,6.2,0,98.4,4.2,0.0319306090091937,0.0315906090091937,45.0,4,801000.0,1
10377,Pharma,West,Expansion,FixedBid,1,12966000.0,2.2,58.0,9.1,1,12.6,11.8,0,91.4,4.4,-0.0338589924428335,-0.0298989924428335,55.0,1,692200.0,1
10378,Logistics,Midwest,Retrofit,FixedBid,1,9752000.0,2.8,101.0,4.6,4,5.0,7.8,1,69.5,2.4,0.0919380889055765,0.1130380889055766,64.0,3,450100.0,0
10379,Logistics,South,TenantImprovement,CostPlus,0,11154000.0,2.9,51.0,1.8,3,2.2,14.9,0,74.7,5.0,-0.1288306112749045,-0.1082506112749045,0.0,2,777500.0,1
10380,Technology,Midwest,Retrofit,CostPlus,0,2145000.0,2.5,114.0,7.9,2,0.8,5.9,1,100.0,3.8,0.0456174242605944,0.0450174242605944,3.0,3,606400.0,0
10381,Energy,South,Expansion,CostPlus,1,13137000.0,2.0,127.0,3.1,6,3.2,13.6,1,76.3,4.8,-0.0425229250819818,-0.0237029250819818,0.0,5,630700.0,1
10382,Pharma,South,Expansion,FixedBid,1,2725000.0,1.8,100.0,6.0,2,1.6,10.4,0,97.7,2.5,0.0183418935743585,0.0151218935743585,38.0,4,687800.0,0
10383,Food&Beverage,South,Expansion,GMP,1,6633000.0,1.0,25.0,0.8,4,5.2,7.9,1,80.8,4.1,-0.1102497474270221,-0.104829747427022,6.0,3,499400.0,0
10384,Logistics,West,NewBuild,FixedBid,0,6627000.0,2.1,56.0,7.0,3,5.1,10.2,0,87.7,3.5,-0.0354924851096013,-0.0314124851096013,14.0,1,579200.0,0
10385,Logistics,Midwest,NewBuild,FixedBid,0,7945000.0,3.8,110.0,4.5,3,2.8,9.0,0,69.4,4.3,0.0078245302361121,0.0301845302361121,21.0,1,545100.0,0
10386,Pharma,South,NewBuild,CostPlus,1,7057000.0,1.6,91.0,1.7,1,9.0,9.4,1,78.7,4.1,-0.1065704829924289,-0.0953904829924288,28.0,2,546900.0,1
10387,Technology,Midwest,Retrofit,GMP,0,2744000.0,1.8,10.0,4.4,3,2.2,7.2,2,75.5,4.2,-0.1028289109062874,-0.0859289109062874,0.0,2,603000.0,0
10388,Pharma,Midwest,Retrofit,FixedBid,1,1831000.0,5.0,133.0,8.6,5,3.7,5.2,0,88.7,3.2,0.01417120466958,0.02715120466958,1.0,3,652300.0,1
10389,Manufacturing,Midwest,Retrofit,CostPlus,1,10831000.0,2.6,95.0,2.2,3,5.6,6.7,1,87.1,3.9,0.0053951790296499,0.0138351790296499,25.0,1,624700.0,0
10390,Food&Beverage,Northeast,Retrofit,FixedBid,1,6254000.0,3.5,61.0,2.2,3,6.2,1.3,2,91.6,3.8,-0.0092838557013145,0.0005561442986855,49.0,5,487900.0,0
10391,Technology,Northeast,Expansion,FixedBid,0,13518000.0,3.8,125.0,2.9,4,7.2,11.4,1,80.1,4.2,0.0044948505880527,0.0278348505880527,25.0,3,486600.0,0
10392,Manufacturing,South,TenantImprovement,FixedBid,1,5200000.0,3.9,66.0,3.5,3,5.1,,0,74.8,4.6,-0.10810581481385,-0.0943858148138499,5.0,3,636400.0,1
10393,Energy,South,NewBuild,GMP,1,1751000.0,1.7,66.0,6.2,4,6.6,7.1,0,88.2,4.0,-0.0720454944338611,-0.0733654944338611,0.0,1,600200.0,1
10394,Technology,South,Expansion,FixedBid,1,11674000.0,3.0,103.0,4.6,1,2.3,10.6,1,73.6,3.0,0.0760510652637504,0.0984910652637504,48.0,6,604700.0,0
10395,Manufacturing,Northeast,Expansion,GMP,1,4008000.0,1.6,152.0,2.9,1,6.3,11.4,1,98.9,4.0,0.0109626228179058,0.0120226228179058,11.0,1,658200.0,0
10396,Logistics,Midwest,Retrofit,FixedBid,0,7086000.0,5.0,147.0,4.1,2,6.3,0.9,1,84.6,5.0,0.0680154644080999,0.0841554644080999,5.0,4,643600.0,1
10397,Food&Beverage,Northeast,NewBuild,GMP,1,3211000.0,1.6,103.0,9.5,5,7.8,7.6,1,82.1,5.0,-0.0175443092490085,-0.0102043092490085,0.0,0,712300.0,0
10398,Healthcare,South,Expansion,GMP,1,20084000.0,2.2,106.0,5.2,2,0.0,9.8,0,91.5,1.8,-0.091778227691591,-0.089878227691591,0.0,2,645900.0,0
10399,Logistics,West,TenantImprovement,FixedBid,1,2673000.0,2.2,118.0,3.1,3,1.7,8.2,1,85.1,3.9,0.096510707830398,0.105650707830398,10.0,2,614000.0,1
10400,Logistics,Midwest,Expansion,FixedBid,1,4115000.0,1.7,46.0,2.9,2,6.1,13.4,0,66.1,4.6,0.0923433754559733,0.1105833754559733,25.0,2,564400.0,0
10401,Healthcare,South,TenantImprovement,FixedBid,0,5873000.0,4.6,113.0,4.0,1,0.0,4.7,0,73.3,3.8,0.0548376541494181,0.0745576541494181,4.0,2,612800.0,0
10402,Pharma,Northeast,TenantImprovement,GMP,1,2250000.0,5.0,64.0,6.2,3,5.2,0.0,0,98.7,3.6,0.2413480085243045,0.2431280085243045,40.0,1,632400.0,0
10403,Food&Beverage,Midwest,Retrofit,FixedBid,0,7021000.0,2.7,101.0,1.9,0,6.6,11.2,0,87.0,3.7,-0.0678127660074739,-0.0593127660074739,17.0,4,673800.0,1
10404,Manufacturing,Northeast,Expansion,CostPlus,0,19570000.0,1.9,82.0,5.6,1,2.6,5.9,0,65.8,4.3,-0.1264755468048267,-0.1145555468048267,64.0,4,635500.0,1
10405,Pharma,Midwest,Retrofit,FixedBid,1,3640000.0,1.0,108.0,3.1,2,2.9,1.0,2,90.2,3.1,-0.0806736627865882,-0.0827936627865882,0.0,3,586300.0,0
10406,Pharma,South,TenantImprovement,GMP,0,7394000.0,3.0,94.0,3.4,4,1.3,7.4,0,79.3,4.7,-0.0227643185552493,-0.0119443185552493,27.0,2,634400.0,0
10407,Healthcare,West,NewBuild,CostPlus,0,597000.0,2.9,10.0,14.2,2,2.7,12.9,1,75.5,3.9,0.1609446585842074,0.1840446585842074,36.0,3,608000.0,0
10408,Food&Beverage,Northeast,Retrofit,CostPlus,1,5224000.0,2.5,96.0,5.3,2,2.8,2.9,2,72.3,3.2,-0.0075811389184171,0.0104388610815828,4.0,2,608500.0,0
10409,Manufacturing,South,TenantImprovement,GMP,1,4196000.0,3.4,112.0,2.3,4,,17.3,0,98.0,4.7,-0.0654759068962815,-0.0539759068962815,24.0,4,528400.0,0
10410,Pharma,South,NewBuild,FixedBid,0,2800000.0,3.6,106.0,4.4,2,2.2,4.6,0,62.4,2.8,-0.0494921201704205,-0.0283321201704205,38.0,2,498600.0,0
10411,Technology,West,Expansion,GMP,0,12803000.0,3.5,86.0,6.4,1,3.3,8.3,1,75.9,3.5,0.1015015478430296,0.1227615478430296,32.0,3,533000.0,0
10412,Technology,South,Retrofit,FixedBid,0,4152000.0,2.9,147.0,5.3,5,3.3,3.1,3,87.4,3.5,0.1087111223816325,0.1248711223816325,58.0,4,428000.0,0
10413,Manufacturing,Midwest,TenantImprovement,CostPlus,1,4676000.0,2.1,101.0,0.5,4,8.7,8.2,0,100.0,5.0,-0.0691834730447527,-0.0744834730447527,0.0,1,606300.0,1
10414,Pharma,South,TenantImprovement,GMP,0,3986000.0,3.9,105.0,3.3,3,3.0,7.5,0,92.6,3.4,-0.1118048881254009,-0.1043648881254008,3.0,5,664400.0,1
10415,Manufacturing,Midwest,NewBuild,CostPlus,1,1163000.0,3.2,127.0,4.6,4,4.9,2.0,1,75.8,2.4,-0.0600015481296499,-0.0464815481296499,52.0,3,507000.0,0
10416,Healthcare,West,Expansion,CostPlus,1,2179000.0,4.1,103.0,4.3,5,2.6,19.3,0,100.0,3.5,0.134187068624968,0.149987068624968,50.0,7,609000.0,1
10417,Manufacturing,Midwest,NewBuild,FixedBid,1,11627000.0,4.0,59.0,2.4,2,2.5,,0,69.7,4.2,0.0722165519184629,0.0923965519184629,39.0,1,694900.0,1
10418,Food&Beverage,South,Expansion,FixedBid,0,997000.0,1.8,10.0,5.4,1,0.0,,0,89.2,4.4,-0.0374177037109186,-0.0399377037109186,48.0,2,720200.0,0
10419,Healthcare,Northeast,Expansion,FixedBid,1,2920000.0,1.8,73.0,7.0,3,0.1,11.9,1,91.9,5.0,0.0979183221205741,0.104678322120574,0.0,3,648600.0,1
10420,Pharma,Midwest,Expansion,CostPlus,0,3915000.0,2.4,117.0,0.8,2,1.0,15.3,2,75.4,4.9,0.1337828390968061,0.1618428390968061,47.0,1,651900.0,1
10421,Technology,West,NewBuild,CostPlus,0,21745000.0,2.1,78.0,0.8,1,4.5,12.5,1,94.4,4.0,-0.0270157721372909,-0.0196557721372909,45.0,1,639700.0,0
10422,Manufacturing,South,NewBuild,FixedBid,0,9968000.0,4.0,118.0,4.4,2,6.7,3.2,0,79.8,3.3,0.0255699767627833,0.0368899767627833,13.0,2,572800.0,0
10423,Manufacturing,Midwest,Expansion,FixedBid,0,3451000.0,3.6,95.0,5.7,4,0.0,8.9,0,94.3,5.0,-0.0316432677478453,-0.0253232677478453,76.0,5,629800.0,1
10424,Manufacturing,West,Retrofit,FixedBid,1,15304000.0,4.3,135.0,2.2,5,2.6,0.5,0,63.9,3.6,0.0185777698760405,0.0382377698760405,30.0,3,513700.0,1
10425,Energy,West,Retrofit,FixedBid,0,2980000.0,3.6,80.0,0.5,2,0.6,11.6,0,90.0,3.4,-0.0976427483060084,-0.0860427483060084,0.0,3,546100.0,1
10426,Food&Beverage,Midwest,NewBuild,FixedBid,1,12083000.0,3.4,106.0,3.4,3,3.3,1.5,0,81.1,3.6,-0.0938270463328842,-0.0879870463328841,28.0,1,611500.0,0
10427,Healthcare,South,Retrofit,GMP,0,1817000.0,4.4,108.0,4.4,2,6.7,4.8,0,99.8,3.0,-0.0833861208234131,-0.0804661208234131,7.0,2,658500.0,0
10428,Food&Beverage,Midwest,TenantImprovement,CostPlus,0,12719000.0,3.7,143.0,2.8,4,2.9,8.0,0,85.5,3.6,0.0889035904843611,0.1001035904843611,52.0,3,740900.0,1
10429,Manufacturing,South,NewBuild,FixedBid,0,3895000.0,3.3,30.0,6.5,2,3.9,9.8,1,100.0,3.7,-0.0950981556038794,-0.0877981556038794,32.0,4,550300.0,0
10430,Food&Beverage,Midwest,Retrofit,CostPlus,0,2367000.0,4.7,74.0,4.2,3,7.6,7.0,2,92.1,4.4,0.2104973609094308,0.2317373609094309,23.0,6,588700.0,1
10431,Pharma,Midwest,TenantImprovement,GMP,0,4530000.0,3.3,120.0,2.0,11,5.1,14.1,1,84.5,3.6,-0.0412264523839583,-0.0203264523839583,54.0,4,504900.0,0
10432,Food&Beverage,West,NewBuild,FixedBid,1,6729000.0,2.9,144.0,2.2,6,2.1,10.9,3,95.5,3.0,0.1527144934747775,0.1718144934747775,51.0,2,553900.0,0
10433,Technology,West,Expansion,FixedBid,1,3628000.0,2.4,98.0,3.4,1,4.4,10.6,1,95.5,2.8,-0.0391538040005832,-0.0328538040005832,7.0,3,571700.0,1
10434,Food&Beverage,West,NewBuild,FixedBid,0,8395000.0,3.9,80.0,2.6,1,,3.1,0,91.7,4.0,-0.0857330739644334,-0.0821530739644334,18.0,4,535600.0,1
10435,Manufacturing,West,TenantImprovement,FixedBid,1,3381000.0,4.4,116.0,0.7,5,5.1,,0,58.5,4.0,0.1170645228645828,0.1547645228645829,41.0,1,610000.0,0
10436,Healthcare,South,Expansion,GMP,1,8853000.0,3.1,120.0,4.0,0,5.3,4.8,1,74.2,3.5,0.1113305939343257,0.1281105939343257,23.0,3,552100.0,0
10437,Manufacturing,South,TenantImprovement,GMP,0,7677000.0,4.5,77.0,2.2,9,0.6,15.0,0,100.0,3.6,-0.0334235700186907,-0.0199235700186907,17.0,2,600600.0,0
10438,Energy,South,NewBuild,FixedBid,0,5133000.0,1.2,102.0,2.5,0,4.4,16.1,0,70.9,4.2,-0.0933156586618215,-0.0777556586618215,22.0,2,558200.0,0
10439,Food&Beverage,Midwest,Retrofit,GMP,0,3786000.0,3.1,131.0,1.5,3,3.7,10.1,0,96.6,4.9,-0.0705057155592685,-0.0668657155592685,1.0,4,608100.0,1
10440,Technology,Midwest,Expansion,FixedBid,1,6084000.0,3.2,156.0,8.7,2,5.4,12.1,1,94.5,3.4,0.0004631313879596,0.0128631313879596,0.0,5,663300.0,1
10441,Food&Beverage,Midwest,NewBuild,CostPlus,1,8370000.0,2.5,116.0,5.1,3,6.1,0.0,1,77.3,4.0,0.0075480403208598,0.0146680403208598,30.0,3,594800.0,0
10442,Manufacturing,South,NewBuild,GMP,0,28048000.0,5.0,92.0,10.1,5,5.2,7.2,0,62.1,4.6,0.02820318586192,0.05914318586192,0.0,3,726400.0,1
10443,Food&Beverage,Midwest,NewBuild,FixedBid,1,11428000.0,3.1,88.0,2.7,2,3.2,,2,79.2,3.4,-0.1067223976773597,-0.0803423976773597,1.0,2,597300.0,0
10444,Healthcare,Midwest,TenantImprovement,FixedBid,1,11767000.0,2.8,110.0,5.3,3,6.3,11.7,0,100.0,3.9,-0.0583615520563015,-0.0566615520563015,0.0,3,772700.0,0
10445,Healthcare,South,Expansion,CostPlus,1,63771000.0,3.2,86.0,4.0,3,1.8,3.1,0,75.6,3.9,0.0521463134487829,0.0618863134487829,0.0,4,647800.0,1
10446,Technology,Midwest,Expansion,GMP,0,8144000.0,1.2,97.0,2.1,5,0.7,6.8,1,76.5,3.0,-0.0604229679817141,-0.0525229679817141,31.0,1,494200.0,0
10447,Pharma,Northeast,Expansion,FixedBid,1,7942000.0,2.4,53.0,2.7,7,0.0,0.0,0,74.0,4.0,-0.0409208439293194,-0.0373208439293194,19.0,3,680300.0,1
10448,Technology,West,Retrofit,FixedBid,1,9466000.0,4.2,135.0,5.1,4,3.8,9.7,3,100.0,3.9,0.0061456418478464,0.0278456418478464,20.0,3,570500.0,1
10449,Manufacturing,West,Retrofit,FixedBid,1,2404000.0,2.6,50.0,1.5,4,1.9,0.5,0,83.1,4.3,-0.0552035958438331,-0.0555635958438331,0.0,2,675600.0,1
10450,Technology,Northeast,Retrofit,CostPlus,1,3779000.0,2.4,75.0,6.5,3,5.0,12.5,4,78.5,3.1,0.1281263674607372,0.1615263674607372,18.0,1,536400.0,0
10451,Manufacturing,Northeast,Expansion,CostPlus,1,3595000.0,4.5,93.0,3.8,4,0.0,12.7,0,100.0,3.9,-0.0474844079761475,-0.0362844079761475,31.0,3,630700.0,0
10452,Pharma,Midwest,NewBuild,GMP,1,9048000.0,4.5,160.0,6.0,0,2.4,6.1,0,93.0,4.9,0.089357616767966,0.098157616767966,28.0,3,720600.0,0
10453,Technology,West,TenantImprovement,GMP,0,4689000.0,3.7,75.0,4.4,3,5.2,10.1,1,75.0,5.0,0.0291938654632467,0.0537938654632467,43.0,3,749700.0,0
10454,Manufacturing,West,Expansion,GMP,0,6020000.0,2.7,67.0,0.8,1,1.4,7.1,4,71.3,4.8,0.0610367464184981,0.0948567464184981,48.0,4,643400.0,0
10455,Manufacturing,Northeast,Retrofit,GMP,0,12864000.0,3.0,71.0,3.3,4,5.0,9.0,0,99.9,3.1,-0.0602649396710232,-0.0602049396710232,17.0,2,648000.0,0
10456,Healthcare,South,Retrofit,FixedBid,0,10751000.0,2.4,148.0,6.6,1,2.6,3.4,1,86.2,4.2,-0.0310244156233542,-0.0263444156233542,0.0,2,671800.0,1
10457,Pharma,Northeast,NewBuild,CostPlus,1,4736000.0,2.2,10.0,3.7,1,3.9,10.5,0,67.4,3.6,-0.034900412612037,-0.017840412612037,9.0,2,668900.0,0
10458,Logistics,Midwest,TenantImprovement,FixedBid,1,3153000.0,2.2,55.0,3.4,2,5.5,1.4,2,64.6,4.1,-0.0318466875226437,-0.0122066875226437,22.0,1,504100.0,0
10459,Food&Beverage,West,TenantImprovement,FixedBid,1,13366000.0,2.6,186.0,3.7,2,6.4,0.7,0,72.6,3.4,0.0105002472825584,0.0166402472825584,10.0,2,636000.0,1
10460,Technology,Northeast,TenantImprovement,GMP,1,10010000.0,2.2,111.0,0.7,3,4.2,7.5,0,71.1,2.7,0.0005207311286149,0.0123607311286149,4.0,6,560600.0,0
10461,Energy,Northeast,NewBuild,CostPlus,0,1491000.0,1.6,51.0,7.0,3,2.0,7.2,2,61.4,3.7,0.1328894636533944,0.1572494636533944,33.0,2,558600.0,0
10462,Manufacturing,Midwest,NewBuild,GMP,0,4195000.0,3.4,89.0,0.4,4,2.9,9.1,1,72.8,4.4,0.037373302055366,0.060793302055366,76.0,2,521400.0,1
10463,Pharma,South,NewBuild,FixedBid,1,6153000.0,3.4,92.0,8.0,3,5.6,,1,75.0,4.1,-0.1122569858863186,-0.0938569858863186,10.0,4,535900.0,0
10464,Healthcare,West,NewBuild,CostPlus,0,10050000.0,4.9,120.0,2.6,5,1.4,15.5,1,80.4,4.2,0.1379113356587076,0.1706713356587076,32.0,2,493100.0,1
10465,Energy,West,NewBuild,CostPlus,1,11163000.0,2.5,154.0,4.6,4,3.6,8.6,0,100.0,4.1,-0.0378709449145334,-0.0407709449145334,0.0,2,607000.0,0
10466,Technology,Northeast,NewBuild,FixedBid,0,6764000.0,3.5,104.0,0.6,5,3.0,8.9,0,82.8,4.2,0.1469347754055797,0.1596547754055797,57.0,4,572400.0,0
10467,Technology,Northeast,TenantImprovement,FixedBid,0,8608000.0,3.5,71.0,5.6,4,3.7,8.8,0,84.0,4.3,0.1091647116753715,0.1210647116753715,48.0,2,636500.0,0
10468,Pharma,West,NewBuild,CostPlus,1,5673000.0,2.9,118.0,5.0,0,1.5,12.0,1,92.1,3.7,-0.0353687168598096,-0.0231287168598096,40.0,1,760500.0,1
10469,Manufacturing,Midwest,NewBuild,FixedBid,1,3144000.0,3.9,66.0,4.8,3,0.0,10.3,0,83.2,4.0,0.0672331948709822,0.0831131948709822,55.0,1,696200.0,1
10470,Energy,West,Expansion,GMP,1,4373000.0,4.0,54.0,0.6,3,5.3,9.8,0,90.8,5.0,-0.0213768603423521,-0.0100568603423521,16.0,3,575200.0,0
10471,Logistics,South,Retrofit,FixedBid,0,5472000.0,3.5,28.0,1.9,2,6.4,10.9,0,89.4,4.0,0.0042883578490285,0.0150483578490285,19.0,4,641300.0,0
10472,Logistics,Northeast,Expansion,FixedBid,1,5242000.0,2.9,35.0,4.4,1,0.0,0.7,1,87.5,3.9,0.0586189370047767,0.0623189370047767,62.0,5,577000.0,0
10473,Manufacturing,West,Expansion,GMP,1,1192000.0,2.8,59.0,6.9,6,4.9,0.9,0,100.0,4.0,0.0710100144232557,0.0619100144232557,41.0,2,606200.0,0
10474,Manufacturing,Northeast,TenantImprovement,FixedBid,1,3922000.0,1.8,49.0,1.6,2,6.7,7.7,1,96.9,3.7,0.0339644080220368,0.0335244080220368,0.0,1,601600.0,1
10475,Healthcare,Midwest,Expansion,GMP,0,5638000.0,2.4,101.0,1.7,2,5.5,7.2,1,73.0,3.6,-0.004950725766102,0.0114492742338979,34.0,3,602300.0,0
10476,Healthcare,South,Retrofit,GMP,0,4303000.0,2.6,48.0,4.2,4,3.0,10.3,1,90.4,4.0,0.1665396730056852,0.1765996730056852,21.0,2,585600.0,1
10477,Logistics,South,Expansion,FixedBid,1,4424000.0,2.1,10.0,13.5,5,1.6,8.1,0,76.5,3.5,-0.0606514284568962,-0.0519514284568962,40.0,3,747500.0,1
10478,Technology,South,Retrofit,CostPlus,0,7964000.0,3.6,53.0,2.1,5,4.2,10.3,2,91.4,3.8,-0.0748040442189508,-0.0553440442189508,30.0,5,512800.0,0
10479,Technology,South,Retrofit,CostPlus,1,2274000.0,4.4,73.0,2.6,2,4.6,3.0,1,69.5,3.3,-0.0450289506646527,-0.0207289506646527,0.0,4,542900.0,1
10480,Logistics,West,Retrofit,GMP,0,1465000.0,2.3,69.0,2.3,4,4.2,8.0,2,72.7,4.0,0.104180541108564,0.126060541108564,35.0,1,686200.0,1
10481,Logistics,West,NewBuild,GMP,0,4079000.0,3.5,143.0,3.1,4,3.5,2.6,3,90.1,4.3,0.0520342956107236,0.0690742956107236,32.0,2,571200.0,1
10482,Healthcare,South,Expansion,GMP,1,9932000.0,2.2,69.0,7.3,4,,9.5,1,98.0,3.8,-0.0073659751362135,-0.0046659751362135,32.0,2,752500.0,1
10483,Energy,Northeast,NewBuild,CostPlus,0,20791000.0,2.9,121.0,3.2,1,5.1,0.5,0,92.0,2.5,-0.0414766715947035,-0.0456766715947035,35.0,3,630600.0,0
10484,Healthcare,South,NewBuild,FixedBid,0,10076000.0,2.5,89.0,14.3,3,5.2,9.4,1,96.2,4.3,-0.0410891735509433,-0.0359091735509433,53.0,0,777200.0,1
10485,Manufacturing,West,NewBuild,CostPlus,1,1665000.0,3.8,89.0,3.7,2,4.5,2.1,2,90.5,4.0,-0.0031967102664506,0.0096032897335493,33.0,6,548900.0,0
10486,Logistics,Midwest,TenantImprovement,GMP,0,4475000.0,2.5,61.0,7.7,6,4.3,6.5,2,88.1,3.2,0.0414805569331062,0.0536205569331062,28.0,1,574900.0,0
10487,Logistics,Midwest,NewBuild,CostPlus,1,6618000.0,4.2,88.0,2.7,2,8.2,11.6,0,80.0,4.4,0.0175834057724029,0.0381834057724029,49.0,4,572200.0,1
10488,Healthcare,Midwest,Expansion,CostPlus,0,6212000.0,3.0,63.0,1.2,4,2.4,8.9,0,95.8,2.9,0.021550376446238,0.023970376446238,71.0,5,612900.0,1
10489,Energy,Northeast,TenantImprovement,FixedBid,1,8297000.0,2.6,96.0,3.2,2,7.2,,1,98.3,4.6,0.0253606869722238,0.0217806869722238,44.0,3,582600.0,0
10490,Energy,South,NewBuild,GMP,0,2588000.0,1.9,82.0,4.9,4,2.2,5.3,3,85.2,3.9,-0.0231115113543027,-0.0084315113543027,28.0,3,587400.0,0
10491,Technology,Midwest,Expansion,GMP,0,5677000.0,3.5,57.0,1.9,4,6.8,2.0,1,84.6,2.3,-0.0741111437711951,-0.0643711437711951,30.0,5,603700.0,0
10492,Technology,West,NewBuild,FixedBid,1,7544000.0,4.1,125.0,7.0,4,7.1,1.2,1,100.0,4.0,-0.061405971719955,-0.058705971719955,27.0,3,671400.0,0
10493,Technology,West,NewBuild,FixedBid,1,10434000.0,3.5,105.0,2.4,5,3.3,8.5,1,85.8,3.6,0.2333656114186546,0.2488856114186546,36.0,3,566400.0,1
10494,Healthcare,West,Expansion,CostPlus,0,2829000.0,5.0,74.0,1.5,1,8.2,10.2,0,,3.5,0.1532721411096317,0.1723321411096317,75.0,3,599500.0,0
10495,Food&Beverage,Midwest,TenantImprovement,CostPlus,1,4089000.0,4.6,95.0,12.6,1,5.2,9.8,1,91.8,3.4,0.147012779682385,0.1657327796823849,17.0,2,633500.0,0
10496,Energy,Midwest,NewBuild,CostPlus,0,620000.0,2.9,87.0,1.8,4,,10.4,2,84.8,3.8,-0.0306224764890826,-0.0106024764890826,47.0,0,574700.0,1
10497,Logistics,South,Retrofit,FixedBid,0,3278000.0,2.9,60.0,2.3,4,3.1,8.0,0,76.2,3.6,-0.0103343186365815,0.0024456813634184,22.0,2,490700.0,0
10498,Technology,West,NewBuild,FixedBid,1,3543000.0,3.7,92.0,5.4,3,6.8,6.9,1,90.5,2.6,-0.0279753954668219,-0.0158753954668219,0.0,4,553800.0,0
10499,Logistics,Midwest,Retrofit,CostPlus,1,2384000.0,2.4,68.0,2.7,4,6.3,3.7,1,85.5,4.8,-0.0985457466616123,-0.0931457466616123,17.0,4,487800.0,0
10500,Energy,West,Expansion,CostPlus,0,6153000.0,4.4,57.0,1.5,4,1.4,6.2,1,100.0,3.7,0.0095858535737009,0.0187858535737009,15.0,3,519700.0,0
10501,Food&Beverage,Northeast,Expansion,CostPlus,1,5154000.0,3.6,33.0,2.2,4,3.7,2.7,1,95.5,3.4,0.1231329474400705,0.1275329474400705,42.0,3,661000.0,0
10502,Pharma,West,Expansion,GMP,0,884000.0,3.5,77.0,10.5,4,4.5,4.6,1,78.9,3.1,0.0842521756846778,0.1000121756846778,31.0,2,632900.0,1
10503,Pharma,Northeast,NewBuild,CostPlus,0,6404000.0,3.9,110.0,5.0,3,2.7,8.4,0,94.7,4.4,-0.0493033601135415,-0.0422233601135415,2.0,1,633000.0,1
10504,Energy,Northeast,Expansion,GMP,0,2565000.0,4.9,66.0,5.6,4,9.9,7.5,0,89.7,3.0,0.0274628764889767,0.0416428764889767,56.0,3,509100.0,0
10505,Energy,South,Expansion,CostPlus,0,7949000.0,3.4,178.0,4.1,4,4.6,20.3,0,100.0,4.0,0.0441386220355606,0.0574386220355606,49.0,6,481900.0,1
10506,Food&Beverage,Northeast,Expansion,CostPlus,1,1933000.0,3.1,121.0,4.6,3,3.8,2.6,0,79.7,3.5,-0.0395679976631136,-0.0332879976631136,55.0,4,553800.0,1
10507,Healthcare,Northeast,NewBuild,CostPlus,0,5521000.0,4.7,136.0,2.5,2,7.0,7.5,1,88.3,3.5,0.0640710371382911,0.0830910371382911,33.0,4,738300.0,1
10508,Food&Beverage,Northeast,Retrofit,FixedBid,0,4297000.0,4.2,118.0,3.7,5,3.1,2.3,0,84.8,3.1,0.0618293212945368,0.0702493212945368,27.0,3,619500.0,1
10509,Energy,Midwest,Retrofit,FixedBid,1,6869000.0,2.9,155.0,0.5,0,6.5,6.4,1,86.7,3.5,0.0329651386290891,0.0428451386290891,41.0,4,538300.0,0
10510,Manufacturing,South,NewBuild,CostPlus,1,5955000.0,3.2,62.0,6.3,2,0.0,,0,75.4,3.9,0.01719017993832,0.03055017993832,14.0,4,668000.0,1
10511,Manufacturing,Northeast,NewBuild,GMP,0,4395000.0,3.4,10.0,2.5,4,2.9,11.4,1,92.9,4.1,-0.0301588021647757,-0.0164988021647757,26.0,2,519800.0,0
10512,Food&Beverage,South,Retrofit,CostPlus,1,1577000.0,3.6,74.0,1.3,1,6.6,6.2,0,91.0,3.4,-0.026768221126317,-0.021168221126317,20.0,5,553700.0,1
10513,Manufacturing,West,Expansion,FixedBid,0,1653000.0,1.8,110.0,3.9,6,7.9,7.2,1,100.0,3.8,-0.1075554896064437,-0.1103554896064437,0.0,3,596800.0,0
10514,Healthcare,Northeast,NewBuild,CostPlus,1,3378000.0,1.7,95.0,2.9,2,2.1,6.3,0,85.9,4.5,-0.154593561545159,-0.1553335615451591,21.0,2,632400.0,1
10515,Healthcare,Northeast,Expansion,FixedBid,1,5354000.0,2.3,100.0,6.2,4,1.8,2.4,0,81.1,2.7,-0.031432411918316,-0.030192411918316,15.0,3,656000.0,0
10516,Manufacturing,West,Retrofit,GMP,0,3313000.0,2.2,136.0,3.3,2,5.4,5.4,0,95.5,3.9,0.0277381730211034,0.0228381730211034,21.0,5,641600.0,0
10517,Healthcare,West,Expansion,GMP,0,8888000.0,2.6,103.0,2.1,5,2.4,6.5,1,76.5,3.2,-0.1001197675907762,-0.0855197675907762,28.0,4,612200.0,0
10518,Food&Beverage,South,Retrofit,CostPlus,1,4311000.0,3.8,118.0,3.3,1,3.3,8.3,0,99.0,3.2,0.0348081270886979,0.038708127088698,52.0,4,570100.0,0
10519,Manufacturing,West,Retrofit,CostPlus,0,2490000.0,3.0,57.0,8.3,1,6.2,10.2,0,99.0,4.1,0.0447241849368376,0.0465241849368376,10.0,2,735800.0,1
10520,Food&Beverage,Northeast,Expansion,FixedBid,0,4315000.0,3.4,52.0,6.3,5,2.6,7.1,1,100.0,3.5,-0.1086713638174942,-0.1035713638174942,13.0,5,733200.0,1
10521,Food&Beverage,Midwest,TenantImprovement,FixedBid,1,6457000.0,2.0,146.0,5.0,2,0.0,7.0,1,90.5,3.0,-0.0409406770095353,-0.0372406770095353,8.0,1,553300.0,0
10522,Logistics,South,Retrofit,GMP,0,6989000.0,2.7,94.0,6.5,3,0.7,1.1,1,80.2,4.8,0.1201347140320861,0.1276147140320861,14.0,3,591300.0,1
10523,Manufacturing,Midwest,Retrofit,GMP,1,24220000.0,3.8,68.0,5.2,3,4.0,10.2,0,87.3,4.5,0.0524358712430161,0.0652558712430161,16.0,5,782100.0,0
10524,Energy,South,Expansion,CostPlus,1,3156000.0,3.8,68.0,1.7,1,0.0,5.2,0,90.6,2.5,-0.1121320004343601,-0.1062920004343601,16.0,5,564700.0,0
10525,Manufacturing,South,Expansion,FixedBid,0,5082000.0,2.5,67.0,5.7,2,3.3,11.0,0,79.3,2.9,0.0200837623688127,0.0320037623688127,38.0,3,698400.0,0
10526,Logistics,South,NewBuild,FixedBid,0,7579000.0,3.4,65.0,7.0,5,0.5,13.3,1,100.0,4.3,-0.038641575595983,-0.027341575595983,30.0,1,644400.0,0
10527,Pharma,Midwest,Retrofit,FixedBid,1,5290000.0,5.0,45.0,7.3,3,8.1,7.2,1,93.0,3.7,0.1161914851064931,0.1335914851064931,9.0,3,717600.0,0
10528,Pharma,Midwest,Retrofit,FixedBid,0,3611000.0,3.2,37.0,1.4,2,9.4,3.9,1,75.3,5.0,-0.0312057236620541,-0.0154857236620541,50.0,8,582900.0,1
10529,Food&Beverage,Northeast,TenantImprovement,FixedBid,0,1561000.0,2.5,83.0,2.3,5,1.4,7.9,2,100.0,4.3,0.0033877288911624,0.0097877288911624,44.0,1,587300.0,1
10530,Healthcare,Northeast,Retrofit,GMP,0,3582000.0,3.0,69.0,2.1,2,4.6,9.4,1,87.2,4.1,-0.0320279937994064,-0.0189479937994064,6.0,3,695400.0,0
10531,Technology,South,Retrofit,CostPlus,1,2283000.0,3.3,129.0,2.7,6,1.6,6.7,1,72.9,3.2,0.0175210405916953,0.0379810405916953,51.0,4,515300.0,0
10532,Technology,Northeast,TenantImprovement,FixedBid,0,1354000.0,3.0,100.0,4.6,6,3.2,5.7,1,76.0,4.2,-0.0304096121737708,-0.0143096121737708,30.0,1,524900.0,1
10533,Logistics,Northeast,Retrofit,FixedBid,1,2852000.0,3.2,99.0,3.8,4,8.5,10.3,0,100.0,3.0,-0.0199476769088134,-0.0176476769088134,21.0,4,569900.0,0
10534,Technology,Northeast,NewBuild,FixedBid,0,2332000.0,1.8,64.0,3.8,4,2.8,10.0,1,100.0,4.8,-0.1132923505817474,-0.1132923505817474,27.0,2,664000.0,0
10535,Manufacturing,Northeast,NewBuild,GMP,1,8598000.0,2.2,86.0,1.1,1,3.3,6.6,1,98.1,4.2,0.0187461716789794,0.0184861716789794,25.0,2,529900.0,0
10536,Healthcare,West,NewBuild,FixedBid,1,8718000.0,3.1,103.0,2.3,6,1.6,1.4,0,100.0,3.3,0.0138699646050747,0.0067699646050747,36.0,2,663000.0,0
10537,Energy,Midwest,NewBuild,GMP,0,2615000.0,3.0,115.0,7.6,2,6.9,9.8,1,100.0,4.5,-0.1079572521872906,-0.1021572521872905,24.0,2,622300.0,1
10538,Manufacturing,West,Retrofit,GMP,1,4377000.0,2.6,87.0,7.0,0,0.0,4.9,1,92.7,5.0,0.0676041662141349,0.0708841662141349,21.0,4,744800.0,1
10539,Manufacturing,Northeast,Expansion,FixedBid,0,1219000.0,3.0,128.0,3.2,7,2.9,8.9,1,89.9,3.7,-0.0062401571758147,0.0047198428241852,0.0,1,448700.0,0
10540,Food&Beverage,South,Expansion,CostPlus,0,3629000.0,3.3,90.0,5.7,3,3.9,8.6,1,92.5,4.3,0.0267233677365136,0.0373233677365136,37.0,5,573800.0,1
10541,Pharma,Midwest,NewBuild,GMP,1,7416000.0,4.1,118.0,4.3,1,2.3,0.4,0,94.8,3.6,0.086119317042043,0.086139317042043,21.0,3,540400.0,0
10542,Energy,Midwest,Retrofit,FixedBid,1,10427000.0,3.1,73.0,6.1,2,6.2,8.3,0,77.1,4.0,0.0176769569651988,0.0312169569651988,42.0,4,591600.0,0
10543,Food&Beverage,West,NewBuild,FixedBid,1,3047000.0,3.6,27.0,5.8,3,7.0,10.1,0,94.8,2.8,0.0894642210922629,0.0966842210922629,39.0,2,617000.0,1
10544,Pharma,West,TenantImprovement,GMP,0,12503000.0,2.7,99.0,3.4,2,0.5,10.5,0,100.0,3.9,-0.0400306865543787,-0.0400306865543787,16.0,1,667200.0,1
10545,Manufacturing,West,NewBuild,GMP,0,1603000.0,3.8,115.0,5.0,9,9.2,8.5,0,83.5,3.9,0.0879100570358927,0.1013100570358927,50.0,3,569400.0,1
10546,Logistics,Northeast,Expansion,CostPlus,0,1987000.0,3.6,110.0,4.5,3,0.4,0.1,0,82.2,5.0,0.0265047232465124,0.0312847232465124,30.0,5,622800.0,0
10547,Logistics,Midwest,NewBuild,CostPlus,0,9509000.0,4.1,105.0,3.5,3,7.2,13.1,1,91.7,2.6,0.0704343397154683,0.0900143397154683,32.0,2,594600.0,0
10548,Manufacturing,South,Expansion,FixedBid,0,20520000.0,3.9,78.0,3.0,3,4.4,9.6,0,78.2,3.7,0.0456540420958532,0.0638340420958532,25.0,4,572100.0,1
10549,Food&Beverage,Midwest,Retrofit,GMP,1,7998000.0,3.8,62.0,9.6,2,2.7,3.2,0,70.2,4.8,0.1076511227716668,0.1237311227716668,64.0,3,726500.0,0
10550,Logistics,South,Expansion,CostPlus,0,5219000.0,3.1,109.0,3.5,5,3.0,4.8,0,99.8,3.7,0.0486988661491505,0.0451188661491505,13.0,5,671800.0,1
10551,Logistics,South,NewBuild,FixedBid,1,931000.0,3.4,105.0,5.4,2,3.9,8.9,2,80.6,3.8,0.0020938163783107,0.0256338163783107,19.0,3,567400.0,0
10552,Manufacturing,South,TenantImprovement,CostPlus,0,1069000.0,4.3,70.0,9.1,4,4.5,10.7,1,86.2,3.3,-0.0015886930799893,0.0198913069200106,1.0,1,631600.0,0
10553,Healthcare,West,Retrofit,GMP,0,5978000.0,2.5,129.0,5.0,3,1.7,6.0,1,78.7,3.2,-0.0094827903316382,0.0027972096683617,39.0,5,601600.0,1
10554,Pharma,South,Expansion,GMP,0,4047000.0,2.6,59.0,4.8,0,,11.3,0,100.0,2.6,-0.0765071008755473,-0.0762071008755473,10.0,3,762400.0,1
10555,Manufacturing,Northeast,TenantImprovement,FixedBid,0,2225000.0,3.4,70.0,3.5,0,2.1,0.8,0,96.2,3.5,-0.0624534540928443,-0.0663734540928443,13.0,3,613600.0,0
10556,Healthcare,Northeast,TenantImprovement,FixedBid,0,5680000.0,3.6,147.0,4.6,4,1.0,3.8,0,83.1,3.2,-0.1347636728508629,-0.1268236728508629,9.0,2,605300.0,1
10557,Healthcare,South,NewBuild,GMP,0,5910000.0,2.4,120.0,2.8,4,2.0,0.0,1,71.8,4.0,-0.1114483930480097,-0.1015283930480097,21.0,3,545600.0,0
10558,Energy,Midwest,NewBuild,GMP,1,11473000.0,3.1,77.0,15.0,6,1.1,,0,81.8,3.3,0.1375784452778067,0.1443984452778067,6.0,4,631600.0,1
10559,Energy,Midwest,NewBuild,CostPlus,1,6012000.0,3.1,100.0,1.1,2,,14.0,0,92.8,3.6,-0.0569550174740844,-0.0471350174740844,0.0,1,547500.0,1
10560,Energy,Midwest,NewBuild,CostPlus,0,14400000.0,1.0,95.0,3.1,3,5.1,16.2,5,88.3,3.6,0.1320422209874801,0.1612622209874801,41.0,2,475900.0,1
10561,Manufacturing,South,Retrofit,CostPlus,0,5424000.0,3.0,10.0,5.0,6,4.3,8.9,0,87.3,3.9,0.0193208220808905,0.0268408220808905,0.0,7,621500.0,1
10562,Healthcare,West,TenantImprovement,FixedBid,0,4915000.0,3.0,58.0,4.8,3,8.9,5.4,0,88.5,3.5,-0.0088830615145273,-0.0055830615145273,42.0,3,638800.0,1
10563,Food&Beverage,South,TenantImprovement,FixedBid,0,12628000.0,3.0,88.0,2.8,2,0.0,7.1,0,95.1,3.2,-0.1121423581774863,-0.1111023581774863,51.0,2,647000.0,1
10564,Technology,Midwest,Retrofit,FixedBid,0,2464000.0,4.6,78.0,0.8,1,5.2,9.9,1,85.5,4.0,0.0534268226903234,0.0760268226903234,24.0,4,524600.0,0
10565,Technology,Midwest,Expansion,FixedBid,0,51216000.0,2.0,99.0,1.3,0,4.0,1.7,0,91.4,4.6,0.1007528636877761,0.093612863687776,55.0,2,753100.0,1
10566,Technology,South,TenantImprovement,GMP,1,7277000.0,2.4,130.0,4.0,4,6.0,5.7,1,74.2,4.0,0.1003345720811717,0.1145145720811717,29.0,0,640100.0,1
10567,Food&Beverage,Midwest,TenantImprovement,FixedBid,0,7309000.0,1.0,79.0,0.6,7,5.8,13.7,0,100.0,3.5,-0.0545032943111694,-0.0598032943111694,54.0,4,596900.0,1
10568,Manufacturing,South,NewBuild,FixedBid,0,8204000.0,2.7,53.0,5.3,3,3.6,3.8,0,82.6,3.8,-0.0932067856133511,-0.0894667856133511,12.0,1,611900.0,1
10569,Logistics,South,Retrofit,CostPlus,0,24196000.0,2.8,101.0,7.4,4,4.4,5.0,1,88.4,2.5,-0.0630015741674406,-0.0560415741674406,0.0,3,667400.0,1
10570,Energy,Northeast,Expansion,FixedBid,1,10160000.0,2.7,79.0,5.9,4,2.1,8.1,0,92.8,3.8,-0.0767814290374722,-0.0748614290374722,20.0,3,679300.0,0
10571,Healthcare,Northeast,NewBuild,FixedBid,0,1492000.0,4.3,85.0,6.7,7,5.5,9.1,0,,3.6,0.119370844915389,0.137310844915389,65.0,2,515400.0,1
10572,Food&Beverage,Northeast,Retrofit,CostPlus,0,16565000.0,4.1,80.0,0.6,2,0.0,5.5,1,86.1,3.2,0.1567204305276131,0.1720604305276131,43.0,6,573300.0,0
10573,Logistics,West,TenantImprovement,FixedBid,0,4103000.0,3.3,168.0,2.9,3,5.9,8.3,0,85.9,3.4,0.0144124984477309,0.0236724984477309,15.0,2,619100.0,0
10574,Food&Beverage,South,TenantImprovement,CostPlus,0,5872000.0,2.8,12.0,1.6,2,3.9,10.4,2,75.0,3.6,-0.0076156304866207,0.0177843695133792,32.0,4,499700.0,1
10575,Food&Beverage,Northeast,TenantImprovement,GMP,0,1937000.0,4.2,76.0,0.9,4,2.8,15.8,0,,4.6,0.1286097347662688,0.1466297347662689,50.0,1,611500.0,1
10576,Energy,West,Expansion,FixedBid,1,8211000.0,3.2,90.0,2.5,2,3.4,7.5,0,66.2,4.7,-0.0700001478605468,-0.0502201478605468,20.0,5,538500.0,1
10577,Pharma,Midwest,NewBuild,GMP,0,3201000.0,2.4,63.0,9.0,5,3.6,7.8,1,100.0,3.3,-0.0071723670679743,-0.0063723670679743,77.0,3,711600.0,0
10578,Energy,Midwest,NewBuild,GMP,0,5839000.0,1.5,121.0,10.6,1,7.2,14.1,2,95.5,3.5,0.0033076199682291,0.0136076199682291,15.0,2,722000.0,1
10579,Food&Beverage,West,Retrofit,GMP,1,4294000.0,2.8,118.0,1.8,4,12.1,5.8,0,93.7,3.6,-0.0721960425023479,-0.0726160425023479,42.0,5,576100.0,0
10580,Healthcare,Northeast,Retrofit,CostPlus,0,25141000.0,4.0,88.0,3.7,1,7.0,2.7,2,65.2,4.5,0.0127860045026084,0.0423660045026084,41.0,6,614100.0,0
10581,Energy,Northeast,Retrofit,CostPlus,0,26319000.0,5.0,81.0,4.6,3,2.6,9.0,0,76.5,4.0,0.0010383694568677,0.0251383694568677,11.0,7,515000.0,0
10582,Energy,South,Expansion,CostPlus,0,5594000.0,3.3,86.0,2.9,2,5.6,12.3,2,100.0,4.0,0.1258708799191659,0.140670879919166,22.0,7,517000.0,0
10583,Manufacturing,Northeast,Retrofit,CostPlus,1,5673000.0,2.4,86.0,7.7,5,5.7,9.4,1,100.0,4.3,0.1216057093939961,0.1240057093939961,51.0,4,624000.0,0
10584,Logistics,South,Expansion,FixedBid,1,3998000.0,2.0,87.0,2.5,2,1.7,7.6,0,100.0,3.5,-0.0295645228834407,-0.0359645228834407,26.0,2,560100.0,1
10585,Pharma,Northeast,NewBuild,GMP,1,13057000.0,3.8,83.0,2.2,4,0.8,2.2,2,98.4,4.9,0.0330246989070048,0.0411846989070048,33.0,2,673000.0,1
10586,Technology,Northeast,NewBuild,CostPlus,1,4143000.0,1.4,99.0,1.8,1,3.8,7.8,0,92.3,3.9,-0.0977888752495307,-0.1023688752495307,0.0,2,764300.0,1
10587,Manufacturing,Northeast,NewBuild,GMP,1,3847000.0,3.8,116.0,2.9,2,6.0,12.9,0,75.8,3.3,0.011222241941523,0.033642241941523,39.0,1,520700.0,0
10588,Healthcare,Midwest,NewBuild,FixedBid,1,11791000.0,4.0,47.0,0.2,3,0.0,3.1,1,97.9,3.7,0.0033844773994247,0.0087444773994247,31.0,4,552500.0,0
10589,Healthcare,Northeast,TenantImprovement,FixedBid,1,3504000.0,3.6,53.0,3.0,2,2.2,7.0,0,72.8,4.8,0.0042078830351345,0.0215278830351345,24.0,2,638500.0,0
10590,Manufacturing,Northeast,Retrofit,CostPlus,1,5229000.0,3.0,29.0,3.8,2,5.4,6.5,0,71.5,3.6,0.0224262976102746,0.0370262976102746,33.0,1,706000.0,1
10591,Pharma,West,NewBuild,CostPlus,1,1521000.0,3.8,120.0,4.0,4,4.1,5.2,1,70.7,4.6,0.0054280940046742,0.0282080940046742,17.0,3,507200.0,0
10592,Logistics,Midwest,Expansion,FixedBid,0,9467000.0,3.4,99.0,1.5,3,7.5,9.0,0,97.7,3.5,-0.0102711643829868,-0.0068911643829868,13.0,5,636300.0,0
10593,Healthcare,Midwest,Retrofit,FixedBid,0,25462000.0,2.4,108.0,3.9,1,0.5,9.8,0,85.3,3.4,-0.0407818139550613,-0.0341618139550613,18.0,2,797500.0,0
10594,Energy,Northeast,NewBuild,FixedBid,1,9597000.0,5.0,40.0,3.9,3,9.9,9.7,0,87.2,4.4,0.0280705595691702,0.0464505595691702,17.0,5,544000.0,0
10595,Manufacturing,Midwest,NewBuild,CostPlus,0,17356000.0,2.8,152.0,3.9,3,0.2,4.1,0,85.8,3.3,-0.0410013513911347,-0.0383813513911347,67.0,1,567200.0,0
10596,Healthcare,Midwest,NewBuild,FixedBid,0,2739000.0,4.0,69.0,6.0,5,0.0,1.4,1,72.5,4.5,0.0969537622055764,0.1158537622055764,48.0,3,572700.0,1
10597,Technology,South,Expansion,GMP,1,6511000.0,1.0,96.0,1.4,3,3.9,9.0,1,78.0,4.1,-0.1779515220283509,-0.1697515220283509,0.0,4,561400.0,0
10598,Technology,Northeast,NewBuild,FixedBid,1,2534000.0,4.5,120.0,2.9,5,1.2,6.0,0,78.6,3.3,0.1491995901300884,0.1665395901300884,73.0,3,612900.0,1
10599,Pharma,West,NewBuild,FixedBid,1,4492000.0,4.7,55.0,0.7,4,3.9,15.4,0,69.1,3.8,0.0450870624242098,0.0785270624242098,19.0,2,590700.0,1
10600,Technology,West,NewBuild,FixedBid,0,9997000.0,3.2,71.0,5.6,2,3.8,15.5,0,79.9,3.5,0.033201230319056,0.052761230319056,27.0,4,533500.0,1
10601,Logistics,Northeast,Retrofit,CostPlus,0,5847000.0,3.8,96.0,1.6,3,3.5,16.0,0,73.0,4.1,0.0587554448204212,0.0859554448204212,46.0,5,627500.0,1
10602,Food&Beverage,Northeast,NewBuild,CostPlus,0,1741000.0,3.8,190.0,6.6,0,1.9,4.2,1,92.9,5.0,-0.0147641412021399,-0.0063041412021399,0.0,3,613200.0,0
10603,Pharma,Northeast,TenantImprovement,CostPlus,0,1882000.0,2.6,101.0,6.7,3,5.1,10.3,1,93.9,3.6,-0.0713050989325469,-0.0633450989325469,17.0,1,695000.0,0
10604,Technology,South,NewBuild,GMP,1,1785000.0,3.7,146.0,3.1,1,3.2,11.5,0,70.5,4.3,-0.0627588499257679,-0.0390588499257679,11.0,6,553900.0,1
10605,Pharma,Northeast,Expansion,FixedBid,0,7986000.0,2.4,132.0,3.0,2,6.8,11.0,0,82.4,3.9,-0.0462947620880012,-0.0367347620880012,27.0,3,589200.0,1
10606,Food&Beverage,West,Retrofit,CostPlus,0,28095000.0,2.6,103.0,1.0,3,3.5,6.6,0,100.0,3.9,0.030344328408572,0.025944328408572,34.0,1,703800.0,1
10607,Food&Beverage,South,Retrofit,FixedBid,0,16030000.0,4.3,55.0,3.6,0,1.6,13.1,1,74.2,3.8,3.665823454230416e-05,0.0311166582345423,24.0,3,667900.0,0
10608,Manufacturing,West,NewBuild,FixedBid,1,1183000.0,4.2,127.0,5.9,0,0.0,8.0,0,91.1,3.3,0.0705552148124813,0.0808952148124813,26.0,4,629300.0,0
10609,Food&Beverage,South,Expansion,CostPlus,0,16800000.0,2.5,38.0,4.3,2,3.6,8.5,1,87.3,4.1,-0.1584999999999999,-0.1488799999999999,39.0,4,545500.0,0
10610,Logistics,West,TenantImprovement,FixedBid,0,11400000.0,2.5,146.0,8.3,2,0.8,1.8,0,99.1,3.7,-0.0437897041382674,-0.0529497041382674,29.0,3,739100.0,1
10611,Energy,Northeast,NewBuild,CostPlus,1,1566000.0,2.6,97.0,2.7,0,0.6,10.6,0,89.5,3.3,0.0590996157328093,0.0649996157328093,29.0,3,528000.0,1
10612,Technology,Midwest,NewBuild,CostPlus,1,4229000.0,3.9,10.0,2.7,1,5.3,7.0,0,80.8,4.6,0.0080320097676945,0.0220520097676945,29.0,3,639700.0,1
10613,Pharma,Midwest,TenantImprovement,GMP,0,12948000.0,2.2,78.0,1.7,1,0.0,9.9,0,86.8,4.0,-0.0919400545316316,-0.0871200545316316,58.0,4,558000.0,0
10614,Pharma,West,Retrofit,CostPlus,1,8372000.0,3.6,113.0,11.8,7,7.5,8.9,1,87.0,3.7,-0.0218790255496317,-0.0061790255496317,28.0,3,685000.0,1
10615,Healthcare,South,NewBuild,CostPlus,1,1891000.0,3.9,82.0,1.0,1,4.4,8.7,0,84.9,4.8,-0.1316999999999999,-0.11844,9.0,6,560500.0,0
10616,Food&Beverage,West,NewBuild,FixedBid,0,8785000.0,3.1,115.0,5.7,2,3.9,7.8,1,70.2,2.6,-0.0606261379288344,-0.0384461379288344,0.0,1,516400.0,0
10617,Food&Beverage,Northeast,Expansion,FixedBid,0,975000.0,4.2,60.0,6.0,4,1.4,11.1,1,100.0,4.8,0.1139068960758807,0.1270068960758807,2.0,4,667400.0,1
10618,Healthcare,West,Expansion,FixedBid,1,4510000.0,2.9,44.0,5.8,2,5.9,7.2,0,98.8,3.3,-0.0509821936827362,-0.0525621936827362,13.0,4,651800.0,1
10619,Manufacturing,Midwest,Retrofit,CostPlus,0,13395000.0,3.0,87.0,1.9,3,4.0,2.2,0,73.5,4.0,-0.0347181053400857,-0.0256181053400857,21.0,3,585500.0,1
10620,Manufacturing,Midwest,TenantImprovement,GMP,1,5470000.0,2.2,91.0,3.1,6,2.3,10.3,0,82.4,3.5,-0.1843,-0.1764399999999999,6.0,3,707800.0,1
10621,Food&Beverage,West,Retrofit,FixedBid,1,3616000.0,4.2,78.0,5.1,3,4.5,4.8,0,83.3,3.3,-0.0829586455178793,-0.0711386455178793,28.0,6,574700.0,1
10622,Logistics,Midwest,NewBuild,CostPlus,1,10979000.0,2.4,133.0,2.2,1,0.0,2.7,1,72.1,4.8,0.0776034425019827,0.0900434425019827,17.0,2,620800.0,0
10623,Pharma,Midwest,Retrofit,GMP,1,11755000.0,3.5,60.0,2.8,2,0.0,3.9,1,63.6,5.0,0.0693105856463092,0.0935505856463092,10.0,3,633500.0,1
10624,Logistics,South,Retrofit,GMP,0,15372000.0,3.1,101.0,2.2,1,1.2,9.1,1,78.0,3.7,-0.0819207322007602,-0.0631207322007602,34.0,4,570800.0,1
10625,Pharma,Northeast,NewBuild,CostPlus,1,10848000.0,2.1,92.0,3.8,5,4.9,7.6,2,81.7,4.1,-0.0487400674101254,-0.0336600674101254,50.0,1,619200.0,0
10626,Logistics,Midwest,NewBuild,CostPlus,1,12802000.0,2.6,36.0,3.6,1,4.0,0.0,0,68.7,3.9,-0.0140420640099148,-0.0062620640099148,2.0,7,584500.0,0
10627,Food&Beverage,Northeast,Retrofit,CostPlus,0,9687000.0,4.6,44.0,9.2,5,6.6,6.5,2,88.1,5.0,-0.0122289412509729,0.010411058749027,30.0,3,631800.0,1
10628,Manufacturing,Northeast,Expansion,GMP,1,6665000.0,3.4,90.0,5.2,4,1.7,12.7,1,100.0,2.4,-0.1259900718459521,-0.115290071845952,0.0,6,682400.0,0
10629,Energy,West,NewBuild,FixedBid,0,5790000.0,2.2,159.0,1.2,3,5.4,6.2,0,96.1,4.2,-0.0413447271207604,-0.0458047271207604,0.0,1,576600.0,0
10630,Food&Beverage,South,Retrofit,GMP,0,4458000.0,3.5,110.0,1.3,6,3.7,7.3,1,84.5,3.4,0.0627825993521268,0.0778825993521268,16.0,4,439200.0,0
10631,Pharma,Midwest,Expansion,FixedBid,0,2043000.0,3.1,30.0,5.7,5,1.6,12.2,0,63.9,2.3,0.0322300123810967,0.0575900123810967,50.0,5,640800.0,0
10632,Food&Beverage,Midwest,Expansion,GMP,0,2510000.0,5.0,10.0,3.6,2,5.0,11.2,0,94.6,3.6,0.1100666169879502,0.1255066169879502,15.0,3,787600.0,1
10633,Manufacturing,Midwest,Expansion,FixedBid,1,4301000.0,3.5,116.0,11.4,1,3.8,12.1,0,87.8,5.0,-0.1058490083245876,-0.0929290083245876,4.0,3,700400.0,0
10634,Logistics,South,Expansion,FixedBid,0,6538000.0,2.8,87.0,11.4,2,2.4,0.0,0,91.1,3.4,-0.0019468663121142,-0.0066068663121142,26.0,5,562100.0,1
10635,Manufacturing,West,Expansion,FixedBid,0,17067000.0,4.6,130.0,1.7,11,4.1,14.9,0,100.0,4.5,0.0143084045039614,0.0282084045039614,27.0,3,639200.0,0
10636,Manufacturing,West,NewBuild,FixedBid,1,5212000.0,1.4,59.0,4.3,7,3.7,10.5,0,76.1,4.7,-0.0646054479848034,-0.0567654479848034,7.0,3,618300.0,1
10637,Technology,Midwest,Retrofit,FixedBid,1,12028000.0,3.3,102.0,1.4,3,3.6,17.8,1,51.5,3.9,-0.0086247143543896,0.0357752856456103,65.0,5,543500.0,1
10638,Technology,Midwest,Expansion,FixedBid,0,12781000.0,5.0,120.0,5.7,2,3.0,4.9,0,73.4,4.0,0.0088686273574738,0.0307286273574738,20.0,4,581200.0,1
10639,Food&Beverage,Midwest,NewBuild,CostPlus,0,4479000.0,3.1,74.0,10.1,1,0.7,0.9,0,91.8,2.7,-0.1479,-0.15058,21.0,2,702400.0,0
10640,Food&Beverage,South,NewBuild,FixedBid,1,8673000.0,1.5,75.0,3.9,4,4.2,8.0,0,86.3,3.4,0.0283280314399471,0.0280480314399471,18.0,1,659400.0,0
10641,Food&Beverage,Midwest,NewBuild,GMP,1,4436000.0,2.8,91.0,2.6,1,2.0,,0,71.4,4.5,0.0101993115832562,0.0242593115832562,34.0,5,524900.0,1
10642,Food&Beverage,South,Retrofit,GMP,1,15521000.0,4.7,109.0,4.6,7,1.4,10.6,0,69.0,3.9,-0.0635002851275555,-0.0348002851275555,47.0,3,675100.0,0
10643,Manufacturing,South,Retrofit,CostPlus,1,8964000.0,3.6,89.0,6.4,1,3.4,12.3,0,81.7,4.2,0.0388192157094928,0.0560992157094928,60.0,3,809100.0,0
10644,Healthcare,Midwest,NewBuild,FixedBid,0,2079000.0,2.4,124.0,6.5,5,5.8,7.7,0,71.0,4.0,-0.0570113364901029,-0.0439113364901029,7.0,2,623300.0,1
10645,Technology,Midwest,Expansion,FixedBid,1,6133000.0,2.5,74.0,2.6,1,4.5,7.0,1,92.2,5.0,-0.0363280621492411,-0.0311480621492411,45.0,4,610400.0,1
10646,Food&Beverage,Midwest,TenantImprovement,GMP,0,20145000.0,2.6,44.0,2.2,3,2.7,10.1,0,81.1,3.6,-0.0758890221042322,-0.0654490221042322,33.0,2,630000.0,1
10647,Manufacturing,Northeast,NewBuild,FixedBid,0,4662000.0,3.6,159.0,4.2,1,2.6,7.0,0,78.5,5.0,0.0485851330856585,0.0624851330856585,47.0,3,691300.0,0
10648,Energy,Northeast,TenantImprovement,FixedBid,1,7711000.0,4.5,69.0,2.8,5,5.6,6.6,0,76.9,4.0,-0.0175876500061339,0.001372349993866,23.0,1,518600.0,1
10649,Technology,South,NewBuild,GMP,1,8341000.0,4.3,70.0,7.7,1,0.0,12.1,0,89.2,5.0,-0.049878428026342,-0.033798428026342,19.0,2,731800.0,0
10650,Manufacturing,Midwest,TenantImprovement,GMP,0,2352000.0,3.7,88.0,2.7,3,6.0,13.0,1,86.5,3.0,0.1022221367424197,0.1228221367424197,49.0,3,527700.0,0
